observed_at	temp_c	humidity_pct	dewpoint_c	pressure_hPa	wind_speed_mps	wind_gust_mps	wind_dir_deg	uv_index	solar_radiation_wm2	rain_hourly_mm	rain_hourly_in	temp_f	dewpoint_f	wind_speed_mph	wind_gust_mph
2026-09-26 00:00	26.278	52.0	17.878	1006.909	0.0	0.0	198.0	0.0	0.0	0.0	0.0	79.3	64.18	0.0	0.0
2026-09-26 00:01	26.278	52.0	17.878	1006.808	0.0	0.0	198.0	0.0	0.0	0.0	0.0	79.3	64.18	0.0	0.0
2026-09-26 00:02	26.222	52.0	17.828	1006.909	0.0	0.0	198.0	0.0	0.0	0.0	0.0	79.2	64.09	0.0	0.0
2026-09-26 00:03	26.222	52.0	17.828	1006.909	0.0	0.0	197.0	0.0	0.0	0.0	0.0	79.2	64.09	0.0	0.0
2026-09-26 00:04	26.222	52.0	17.828	1006.909	0.0	0.0	197.0	0.0	0.0	0.0	0.0	79.2	64.09	0.0	0.0
2026-09-26 00:05	26.222	53.0	18.061	1007.011	0.0	0.0	197.0	0.0	0.0	0.0	0.0	79.2	64.51	0.0	0.0
2026-09-26 00:06	26.222	53.0	18.061	1006.909	0.0	0.0	198.0	0.0	0.0	0.0	0.0	79.2	64.51	0.0	0.0
2026-09-26 00:07	26.111	53.0	17.961	1006.909	0.0	0.0	197.0	0.0	0.0	0.0	0.0	79.0	64.33	0.0	0.0
2026-09-26 00:08	26.111	53.0	17.961	1006.909	0.0	0.0	197.0	0.0	0.0	0.0	0.0	79.0	64.33	0.0	0.0
2026-09-26 00:09	26.111	53.0	17.961	1006.808	0.0	0.0	197.0	0.0	0.0	0.0	0.0	79.0	64.33	0.0	0.0
2026-09-26 00:10	26.111	53.0	17.961	1006.909	0.0	0.0	198.0	0.0	0.0	0.0	0.0	79.0	64.33	0.0	0.0
2026-09-26 00:11	26.111	53.0	17.961	1007.112	0.0	0.0	198.0	0.0	0.0	0.0	0.0	79.0	64.33	0.0	0.0
2026-09-26 00:12	26.0	53.0	17.861	1007.011	0.0	0.0	198.0	0.0	0.0	0.0	0.0	78.8	64.15	0.0	0.0
2026-09-26 00:13	26.0	53.0	17.861	1006.808	0.0	0.0	198.0	0.0	0.0	0.0	0.0	78.8	64.15	0.0	0.0
2026-09-26 00:14	26.0	53.0	17.861	1007.112	0.0	0.0	198.0	0.0	0.0	0.0	0.0	78.8	64.15	0.0	0.0
2026-09-26 00:15	26.0	53.0	17.861	1007.011	0.0	0.0	198.0	0.0	0.0	0.0	0.0	78.8	64.15	0.0	0.0
2026-09-26 00:16	26.0	53.0	17.861	1006.909	0.0	0.0	198.0	0.0	0.0	0.0	0.0	78.8	64.15	0.0	0.0
2026-09-26 00:17	26.0	53.0	17.861	1007.112	0.0	0.0	198.0	0.0	0.0	0.0	0.0	78.8	64.15	0.0	0.0
2026-09-26 00:18	25.889	53.0	17.756	1006.909	0.0	0.0	198.0	0.0	0.0	0.0	0.0	78.6	63.96	0.0	0.0
2026-09-26 00:19	25.889	53.0	17.756	1007.112	0.0	0.0	198.0	0.0	0.0	0.0	0.0	78.6	63.96	0.0	0.0
2026-09-26 00:20	25.889	53.0	17.756	1007.112	0.0	0.0	198.0	0.0	0.0	0.0	0.0	78.6	63.96	0.0	0.0
2026-09-26 00:21	25.889	53.0	17.756	1006.909	0.0	0.0	198.0	0.0	0.0	0.0	0.0	78.6	63.96	0.0	0.0
2026-09-26 00:22	25.889	53.0	17.756	1007.011	0.0	0.0	198.0	0.0	0.0	0.0	0.0	78.6	63.96	0.0	0.0
2026-09-26 00:23	25.889	53.0	17.756	1007.112	0.0	0.0	184.0	0.0	0.0	0.0	0.0	78.6	63.96	0.0	0.0
2026-09-26 00:24	25.889	53.0	17.756	1007.011	0.0	0.0	185.0	0.0	0.0	0.0	0.0	78.6	63.96	0.0	0.0
2026-09-26 00:25	25.778	53.0	17.656	1007.011	0.0	0.0	187.0	0.0	0.0	0.0	0.0	78.4	63.78	0.0	0.0
2026-09-26 00:26	25.778	53.0	17.656	1006.909	0.0	0.0	183.0	0.0	0.0	0.0	0.0	78.4	63.78	0.0	0.0
2026-09-26 00:27	25.778	53.0	17.656	1006.808	0.3	0.501	181.0	0.0	0.0	0.0	0.0	78.4	63.78	0.67	1.12
2026-09-26 00:28	25.778	53.0	17.656	1006.909	0.398	0.501	178.0	0.0	0.0	0.0	0.0	78.4	63.78	0.89	1.12
2026-09-26 00:29	25.778	53.0	17.656	1006.909	0.098	0.501	180.0	0.0	0.0	0.0	0.0	78.4	63.78	0.22	1.12
2026-09-26 00:30	25.778	53.0	17.656	1007.011	0.0	0.0	182.0	0.0	0.0	0.0	0.0	78.4	63.78	0.0	0.0
2026-09-26 00:31	25.778	53.0	17.656	1007.011	0.0	0.0	189.0	0.0	0.0	0.0	0.0	78.4	63.78	0.0	0.0
2026-09-26 00:32	25.778	53.0	17.656	1007.214	0.0	0.0	190.0	0.0	0.0	0.0	0.0	78.4	63.78	0.0	0.0
2026-09-26 00:33	25.778	54.0	17.883	1007.112	0.0	0.0	191.0	0.0	0.0	0.0	0.0	78.4	64.19	0.0	0.0
2026-09-26 00:34	25.722	54.0	17.833	1007.214	0.0	0.0	191.0	0.0	0.0	0.0	0.0	78.3	64.1	0.0	0.0
2026-09-26 00:35	25.722	54.0	17.833	1007.011	0.0	0.0	191.0	0.0	0.0	0.0	0.0	78.3	64.1	0.0	0.0
2026-09-26 00:36	25.722	54.0	17.833	1007.112	0.0	0.0	191.0	0.0	0.0	0.0	0.0	78.3	64.1	0.0	0.0
2026-09-26 00:37	25.722	54.0	17.833	1006.909	0.0	0.0	191.0	0.0	0.0	0.0	0.0	78.3	64.1	0.0	0.0
2026-09-26 00:38	25.722	54.0	17.833	1007.112	0.0	0.0	191.0	0.0	0.0	0.0	0.0	78.3	64.1	0.0	0.0
2026-09-26 00:39	25.722	54.0	17.833	1007.011	0.0	0.0	191.0	0.0	0.0	0.0	0.0	78.3	64.1	0.0	0.0
2026-09-26 00:40	25.722	54.0	17.833	1006.909	0.0	0.0	190.0	0.0	0.0	0.0	0.0	78.3	64.1	0.0	0.0
2026-09-26 00:41	25.611	54.0	17.733	1007.112	0.0	0.0	192.0	0.0	0.0	0.0	0.0	78.1	63.92	0.0	0.0
2026-09-26 00:42	25.611	54.0	17.733	1007.011	0.0	0.0	195.0	0.0	0.0	0.0	0.0	78.1	63.92	0.0	0.0
2026-09-26 00:43	25.611	54.0	17.733	1007.112	0.0	0.0	195.0	0.0	0.0	0.0	0.0	78.1	63.92	0.0	0.0
2026-09-26 00:44	25.611	54.0	17.733	1007.011	0.0	0.0	190.0	0.0	0.0	0.0	0.0	78.1	63.92	0.0	0.0
2026-09-26 00:45	25.611	54.0	17.733	1006.909	0.0	0.0	191.0	0.0	0.0	0.0	0.0	78.1	63.92	0.0	0.0
2026-09-26 00:46	25.611	54.0	17.733	1007.011	0.0	0.0	191.0	0.0	0.0	0.0	0.0	78.1	63.92	0.0	0.0
2026-09-26 00:47	25.611	54.0	17.733	1007.112	0.0	0.0	191.0	0.0	0.0	0.0	0.0	78.1	63.92	0.0	0.0
2026-09-26 00:48	25.611	54.0	17.733	1007.011	0.0	0.0	191.0	0.0	0.0	0.0	0.0	78.1	63.92	0.0	0.0
2026-09-26 00:49	25.611	54.0	17.733	1007.011	0.0	0.0	192.0	0.0	0.0	0.0	0.0	78.1	63.92	0.0	0.0
2026-09-26 00:50	25.611	54.0	17.733	1007.011	0.0	0.0	192.0	0.0	0.0	0.0	0.0	78.1	63.92	0.0	0.0
2026-09-26 00:51	25.611	54.0	17.733	1007.011	0.0	0.0	191.0	0.0	0.0	0.0	0.0	78.1	63.92	0.0	0.0
2026-09-26 00:52	25.5	54.0	17.633	1006.909	0.0	0.0	191.0	0.0	0.0	0.0	0.0	77.9	63.74	0.0	0.0
2026-09-26 00:53	25.5	54.0	17.633	1007.011	0.0	0.0	192.0	0.0	0.0	0.0	0.0	77.9	63.74	0.0	0.0
2026-09-26 00:54	25.5	55.0	17.856	1006.909	0.0	0.0	191.0	0.0	0.0	0.0	0.0	77.9	64.14	0.0	0.0
2026-09-26 00:55	25.5	55.0	17.856	1007.214	0.0	0.0	191.0	0.0	0.0	0.0	0.0	77.9	64.14	0.0	0.0
2026-09-26 00:56	25.5	55.0	17.856	1007.214	0.0	0.0	191.0	0.0	0.0	0.0	0.0	77.9	64.14	0.0	0.0
2026-09-26 00:57	25.5	55.0	17.856	1007.112	0.0	0.0	191.0	0.0	0.0	0.0	0.0	77.9	64.14	0.0	0.0
2026-09-26 00:58	25.5	55.0	17.856	1007.214	0.0	0.0	191.0	0.0	0.0	0.0	0.0	77.9	64.14	0.0	0.0
2026-09-26 00:59	25.5	56.0	18.078	1007.112	0.0	0.0	191.0	0.0	0.0	0.0	0.0	77.9	64.54	0.0	0.0
2026-09-26 01:00	25.5	55.0	17.856	1006.808	0.0	0.0	191.0	0.0	0.0	0.0	0.0	77.9	64.14	0.0	0.0
2026-09-26 01:01	25.5	55.0	17.856	1007.011	0.0	0.0	190.0	0.0	0.0	0.0	0.0	77.9	64.14	0.0	0.0
2026-09-26 01:02	25.5	55.0	17.856	1007.112	0.0	0.0	191.0	0.0	0.0	0.0	0.0	77.9	64.14	0.0	0.0
2026-09-26 01:03	25.5	55.0	17.856	1007.011	0.0	0.0	191.0	0.0	0.0	0.0	0.0	77.9	64.14	0.0	0.0
2026-09-26 01:04	25.5	55.0	17.856	1007.011	0.0	0.0	191.0	0.0	0.0	0.0	0.0	77.9	64.14	0.0	0.0
2026-09-26 01:05	25.5	55.0	17.856	1006.808	0.0	0.0	191.0	0.0	0.0	0.0	0.0	77.9	64.14	0.0	0.0
2026-09-26 01:06	25.5	55.0	17.856	1006.808	0.0	0.0	190.0	0.0	0.0	0.0	0.0	77.9	64.14	0.0	0.0
2026-09-26 01:07	25.5	55.0	17.856	1006.909	0.0	0.0	191.0	0.0	0.0	0.0	0.0	77.9	64.14	0.0	0.0
2026-09-26 01:08	25.5	55.0	17.856	1007.011	0.0	0.0	191.0	0.0	0.0	0.0	0.0	77.9	64.14	0.0	0.0
2026-09-26 01:09	25.389	56.0	17.972	1007.011	0.0	0.0	191.0	0.0	0.0	0.0	0.0	77.7	64.35	0.0	0.0
2026-09-26 01:10	25.389	56.0	17.972	1007.214	0.098	0.501	186.0	0.0	0.0	0.0	0.0	77.7	64.35	0.22	1.12
2026-09-26 01:11	25.278	56.0	17.872	1007.112	0.0	0.0	186.0	0.0	0.0	0.0	0.0	77.5	64.17	0.0	0.0
2026-09-26 01:12	25.278	56.0	17.872	1006.909	0.0	0.0	186.0	0.0	0.0	0.0	0.0	77.5	64.17	0.0	0.0
2026-09-26 01:13	25.278	56.0	17.872	1006.909	0.0	0.0	185.0	0.0	0.0	0.0	0.0	77.5	64.17	0.0	0.0
2026-09-26 01:14	25.278	56.0	17.872	1007.011	0.0	0.0	186.0	0.0	0.0	0.0	0.0	77.5	64.17	0.0	0.0
2026-09-26 01:15	25.278	56.0	17.872	1006.909	0.0	0.0	186.0	0.0	0.0	0.0	0.0	77.5	64.17	0.0	0.0
2026-09-26 01:16	25.278	56.0	17.872	1006.808	0.0	0.0	186.0	0.0	0.0	0.0	0.0	77.5	64.17	0.0	0.0
2026-09-26 01:17	25.222	56.0	17.822	1007.011	0.0	0.0	186.0	0.0	0.0	0.0	0.0	77.4	64.08	0.0	0.0
2026-09-26 01:18	25.222	56.0	17.822	1007.112	0.0	0.0	186.0	0.0	0.0	0.0	0.0	77.4	64.08	0.0	0.0
2026-09-26 01:19	25.222	57.0	18.039	1007.011	0.0	0.0	186.0	0.0	0.0	0.0	0.0	77.4	64.47	0.0	0.0
2026-09-26 01:20	25.222	57.0	18.039	1006.909	0.0	0.0	186.0	0.0	0.0	0.0	0.0	77.4	64.47	0.0	0.0
2026-09-26 01:21	25.222	57.0	18.039	1007.112	0.0	0.0	186.0	0.0	0.0	0.0	0.0	77.4	64.47	0.0	0.0
2026-09-26 01:22	25.222	57.0	18.039	1006.909	0.0	0.0	186.0	0.0	0.0	0.0	0.0	77.4	64.47	0.0	0.0
2026-09-26 01:23	25.111	57.0	17.933	1006.909	0.0	0.0	186.0	0.0	0.0	0.0	0.0	77.2	64.28	0.0	0.0
2026-09-26 01:24	25.111	57.0	17.933	1006.808	0.0	0.0	186.0	0.0	0.0	0.0	0.0	77.2	64.28	0.0	0.0
2026-09-26 01:25	25.222	57.0	18.039	1007.112	0.0	0.0	186.0	0.0	0.0	0.0	0.0	77.4	64.47	0.0	0.0
2026-09-26 01:26	25.111	58.0	18.15	1007.214	0.0	0.0	186.0	0.0	0.0	0.0	0.0	77.2	64.67	0.0	0.0
2026-09-26 01:27	25.111	59.0	18.361	1006.909	0.3	0.501	174.0	0.0	0.0	0.0	0.0	77.2	65.05	0.67	1.12
2026-09-26 01:28	25.111	58.0	18.15	1007.112	0.501	0.501	173.0	0.0	0.0	0.0	0.0	77.2	64.67	1.12	1.12
2026-09-26 01:29	25.111	58.0	18.15	1006.909	0.398	0.501	168.0	0.0	0.0	0.0	0.0	77.2	64.67	0.89	1.12
2026-09-26 01:30	25.111	58.0	18.15	1007.011	0.0	0.0	184.0	0.0	0.0	0.0	0.0	77.2	64.67	0.0	0.0
2026-09-26 01:31	25.111	58.0	18.15	1007.011	0.0	0.0	190.0	0.0	0.0	0.0	0.0	77.2	64.67	0.0	0.0
2026-09-26 01:32	25.111	58.0	18.15	1007.214	0.0	0.0	190.0	0.0	0.0	0.0	0.0	77.2	64.67	0.0	0.0
2026-09-26 01:33	25.111	58.0	18.15	1007.214	0.0	0.0	190.0	0.0	0.0	0.0	0.0	77.2	64.67	0.0	0.0
2026-09-26 01:34	25.111	58.0	18.15	1007.112	0.0	0.0	190.0	0.0	0.0	0.0	0.0	77.2	64.67	0.0	0.0
2026-09-26 01:35	25.111	58.0	18.15	1007.112	0.0	0.0	190.0	0.0	0.0	0.0	0.0	77.2	64.67	0.0	0.0
2026-09-26 01:36	25.111	58.0	18.15	1007.112	0.0	0.0	191.0	0.0	0.0	0.0	0.0	77.2	64.67	0.0	0.0
2026-09-26 01:37	25.111	58.0	18.15	1007.112	0.3	0.501	193.0	0.0	0.0	0.0	0.0	77.2	64.67	0.67	1.12
2026-09-26 01:38	25.111	58.0	18.15	1007.011	0.398	0.501	195.0	0.0	0.0	0.0	0.0	77.2	64.67	0.89	1.12
2026-09-26 01:39	25.111	58.0	18.15	1006.909	0.098	0.501	195.0	0.0	0.0	0.0	0.0	77.2	64.67	0.22	1.12
2026-09-26 01:40	25.222	58.0	18.25	1006.909	0.0	0.0	195.0	0.0	0.0	0.0	0.0	77.4	64.85	0.0	0.0
2026-09-26 01:41	25.222	58.0	18.25	1007.112	0.0	0.0	195.0	0.0	0.0	0.0	0.0	77.4	64.85	0.0	0.0
2026-09-26 01:42	25.222	58.0	18.25	1007.112	0.0	0.0	195.0	0.0	0.0	0.0	0.0	77.4	64.85	0.0	0.0
2026-09-26 01:43	25.222	58.0	18.25	1007.011	0.0	0.0	195.0	0.0	0.0	0.0	0.0	77.4	64.85	0.0	0.0
2026-09-26 01:44	25.222	58.0	18.25	1007.112	0.0	0.0	195.0	0.0	0.0	0.0	0.0	77.4	64.85	0.0	0.0
2026-09-26 01:45	25.222	58.0	18.25	1007.214	0.0	0.0	195.0	0.0	0.0	0.0	0.0	77.4	64.85	0.0	0.0
2026-09-26 01:46	25.222	58.0	18.25	1007.214	0.0	0.0	195.0	0.0	0.0	0.0	0.0	77.4	64.85	0.0	0.0
2026-09-26 01:47	25.278	58.0	18.306	1007.214	0.0	0.0	195.0	0.0	0.0	0.0	0.0	77.5	64.95	0.0	0.0
2026-09-26 01:48	25.278	58.0	18.306	1006.909	0.0	0.0	195.0	0.0	0.0	0.0	0.0	77.5	64.95	0.0	0.0
2026-09-26 01:49	25.278	58.0	18.306	1007.112	0.0	0.0	195.0	0.0	0.0	0.0	0.0	77.5	64.95	0.0	0.0
2026-09-26 01:50	25.222	58.0	18.25	1007.112	0.0	0.0	195.0	0.0	0.0	0.0	0.0	77.4	64.85	0.0	0.0
2026-09-26 01:51	25.278	58.0	18.306	1006.909	0.0	0.0	195.0	0.0	0.0	0.0	0.0	77.5	64.95	0.0	0.0
2026-09-26 01:52	25.278	58.0	18.306	1006.909	0.0	0.0	195.0	0.0	0.0	0.0	0.0	77.5	64.95	0.0	0.0
2026-09-26 01:53	25.278	58.0	18.306	1007.112	0.0	0.0	195.0	0.0	0.0	0.0	0.0	77.5	64.95	0.0	0.0
2026-09-26 01:54	25.278	58.0	18.306	1007.112	0.0	0.0	195.0	0.0	0.0	0.0	0.0	77.5	64.95	0.0	0.0
2026-09-26 01:55	25.222	58.0	18.25	1007.316	0.0	0.0	195.0	0.0	0.0	0.0	0.0	77.4	64.85	0.0	0.0
2026-09-26 01:56	25.222	58.0	18.25	1007.112	0.0	0.0	195.0	0.0	0.0	0.0	0.0	77.4	64.85	0.0	0.0
2026-09-26 01:57	25.222	58.0	18.25	1007.214	0.0	0.0	195.0	0.0	0.0	0.0	0.0	77.4	64.85	0.0	0.0
2026-09-26 01:58	25.222	58.0	18.25	1006.909	0.0	0.0	195.0	0.0	0.0	0.0	0.0	77.4	64.85	0.0	0.0
2026-09-26 01:59	25.222	58.0	18.25	1007.011	0.0	0.0	195.0	0.0	0.0	0.0	0.0	77.4	64.85	0.0	0.0
2026-09-26 02:00	25.222	58.0	18.25	1007.112	0.0	0.0	195.0	0.0	0.0	0.0	0.0	77.4	64.85	0.0	0.0
2026-09-26 02:01	25.111	58.0	18.15	1007.112	0.0	0.0	195.0	0.0	0.0	0.0	0.0	77.2	64.67	0.0	0.0
2026-09-26 02:02	25.111	58.0	18.15	1006.909	0.0	0.0	195.0	0.0	0.0	0.0	0.0	77.2	64.67	0.0	0.0
2026-09-26 02:03	25.111	58.0	18.15	1007.112	0.0	0.0	195.0	0.0	0.0	0.0	0.0	77.2	64.67	0.0	0.0
2026-09-26 02:04	25.111	58.0	18.15	1007.112	0.0	0.0	195.0	0.0	0.0	0.0	0.0	77.2	64.67	0.0	0.0
2026-09-26 02:05	25.0	58.0	18.044	1007.214	0.0	0.0	195.0	0.0	0.0	0.0	0.0	77.0	64.48	0.0	0.0
2026-09-26 02:06	25.0	58.0	18.044	1007.214	0.0	0.0	195.0	0.0	0.0	0.0	0.0	77.0	64.48	0.0	0.0
2026-09-26 02:07	25.0	58.0	18.044	1007.112	0.0	0.0	195.0	0.0	0.0	0.0	0.0	77.0	64.48	0.0	0.0
2026-09-26 02:08	25.0	58.0	18.044	1007.214	0.0	0.0	195.0	0.0	0.0	0.0	0.0	77.0	64.48	0.0	0.0
2026-09-26 02:09	24.889	58.0	17.944	1007.112	0.0	0.0	195.0	0.0	0.0	0.0	0.0	76.8	64.3	0.0	0.0
2026-09-26 02:10	24.889	58.0	17.944	1007.112	0.0	0.0	195.0	0.0	0.0	0.0	0.0	76.8	64.3	0.0	0.0
2026-09-26 02:11	24.889	58.0	17.944	1007.112	0.0	0.0	195.0	0.0	0.0	0.0	0.0	76.8	64.3	0.0	0.0
2026-09-26 02:12	24.889	58.0	17.944	1007.011	0.0	0.0	195.0	0.0	0.0	0.0	0.0	76.8	64.3	0.0	0.0
2026-09-26 02:13	24.778	59.0	18.05	1007.112	0.0	0.0	195.0	0.0	0.0	0.0	0.0	76.6	64.49	0.0	0.0
2026-09-26 02:14	24.778	59.0	18.05	1007.214	0.0	0.0	195.0	0.0	0.0	0.0	0.0	76.6	64.49	0.0	0.0
2026-09-26 02:15	24.778	59.0	18.05	1007.112	0.0	0.0	195.0	0.0	0.0	0.0	0.0	76.6	64.49	0.0	0.0
2026-09-26 02:16	24.778	59.0	18.05	1007.112	0.0	0.0	195.0	0.0	0.0	0.0	0.0	76.6	64.49	0.0	0.0
2026-09-26 02:17	24.778	59.0	18.05	1007.316	0.0	0.0	195.0	0.0	0.0	0.0	0.0	76.6	64.49	0.0	0.0
2026-09-26 02:18	24.778	59.0	18.05	1007.214	0.0	0.0	195.0	0.0	0.0	0.0	0.0	76.6	64.49	0.0	0.0
2026-09-26 02:19	24.778	59.0	18.05	1007.112	0.0	0.0	196.0	0.0	0.0	0.0	0.0	76.6	64.49	0.0	0.0
2026-09-26 02:20	24.722	59.0	18.0	1007.011	0.0	0.0	196.0	0.0	0.0	0.0	0.0	76.5	64.4	0.0	0.0
2026-09-26 02:21	24.722	59.0	18.0	1007.011	0.398	0.501	197.0	0.0	0.0	0.0	0.0	76.5	64.4	0.89	1.12
2026-09-26 02:22	24.722	59.0	18.0	1006.909	0.201	0.501	197.0	0.0	0.0	0.0	0.0	76.5	64.4	0.45	1.12
2026-09-26 02:23	24.722	59.0	18.0	1007.011	0.398	0.501	197.0	0.0	0.0	0.0	0.0	76.5	64.4	0.89	1.12
2026-09-26 02:24	24.722	59.0	18.0	1006.909	0.398	0.501	200.0	0.0	0.0	0.0	0.0	76.5	64.4	0.89	1.12
2026-09-26 02:25	24.722	59.0	18.0	1007.316	0.0	0.0	200.0	0.0	0.0	0.0	0.0	76.5	64.4	0.0	0.0
2026-09-26 02:26	24.722	58.0	17.789	1007.112	0.0	0.0	200.0	0.0	0.0	0.0	0.0	76.5	64.02	0.0	0.0
2026-09-26 02:27	24.722	59.0	18.0	1007.112	0.0	0.0	200.0	0.0	0.0	0.0	0.0	76.5	64.4	0.0	0.0
2026-09-26 02:28	24.722	58.0	17.789	1007.316	0.0	0.0	200.0	0.0	0.0	0.0	0.0	76.5	64.02	0.0	0.0
2026-09-26 02:29	24.722	58.0	17.789	1006.909	0.0	0.0	199.0	0.0	0.0	0.0	0.0	76.5	64.02	0.0	0.0
2026-09-26 02:30	24.722	58.0	17.789	1007.214	0.0	0.0	199.0	0.0	0.0	0.0	0.0	76.5	64.02	0.0	0.0
2026-09-26 02:31	24.722	58.0	17.789	1007.112	0.0	0.0	199.0	0.0	0.0	0.0	0.0	76.5	64.02	0.0	0.0
2026-09-26 02:32	24.722	58.0	17.789	1006.909	0.0	0.0	198.0	0.0	0.0	0.0	0.0	76.5	64.02	0.0	0.0
2026-09-26 02:33	24.722	58.0	17.789	1007.011	0.0	0.0	199.0	0.0	0.0	0.0	0.0	76.5	64.02	0.0	0.0
2026-09-26 02:34	24.722	58.0	17.789	1007.214	0.0	0.0	199.0	0.0	0.0	0.0	0.0	76.5	64.02	0.0	0.0
2026-09-26 02:35	24.722	58.0	17.789	1007.214	0.0	0.0	199.0	0.0	0.0	0.0	0.0	76.5	64.02	0.0	0.0
2026-09-26 02:36	24.722	58.0	17.789	1007.011	0.0	0.0	199.0	0.0	0.0	0.0	0.0	76.5	64.02	0.0	0.0
2026-09-26 02:37	24.722	58.0	17.789	1006.808	0.0	0.0	199.0	0.0	0.0	0.0	0.0	76.5	64.02	0.0	0.0
2026-09-26 02:38	24.722	58.0	17.789	1007.112	0.0	0.0	199.0	0.0	0.0	0.0	0.0	76.5	64.02	0.0	0.0
2026-09-26 02:39	24.722	58.0	17.789	1007.112	0.0	0.0	199.0	0.0	0.0	0.0	0.0	76.5	64.02	0.0	0.0
2026-09-26 02:40	24.722	58.0	17.789	1006.808	0.0	0.0	198.0	0.0	0.0	0.0	0.0	76.5	64.02	0.0	0.0
2026-09-26 02:41	24.722	58.0	17.789	1007.112	0.398	0.501	198.0	0.0	0.0	0.0	0.0	76.5	64.02	0.89	1.12
2026-09-26 02:42	24.722	58.0	17.789	1006.909	1.001	1.001	220.0	0.0	0.0	0.0	0.0	76.5	64.02	2.24	2.24
2026-09-26 02:43	24.722	58.0	17.789	1007.112	0.599	1.001	204.0	0.0	0.0	0.0	0.0	76.5	64.02	1.34	2.24
2026-09-26 02:44	24.722	58.0	17.789	1006.808	0.501	0.501	202.0	0.0	0.0	0.0	0.0	76.5	64.02	1.12	1.12
2026-09-26 02:45	24.722	58.0	17.789	1007.011	0.599	1.001	208.0	0.0	0.0	0.0	0.0	76.5	64.02	1.34	2.24
2026-09-26 02:46	24.722	58.0	17.789	1006.808	0.501	0.501	197.0	0.0	0.0	0.0	0.0	76.5	64.02	1.12	1.12
2026-09-26 02:47	24.722	58.0	17.789	1006.909	0.398	0.501	197.0	0.0	0.0	0.0	0.0	76.5	64.02	0.89	1.12
2026-09-26 02:48	24.722	58.0	17.789	1006.808	0.501	0.501	201.0	0.0	0.0	0.0	0.0	76.5	64.02	1.12	1.12
2026-09-26 02:49	24.722	58.0	17.789	1006.808	0.398	0.501	198.0	0.0	0.0	0.0	0.0	76.5	64.02	0.89	1.12
2026-09-26 02:50	24.722	58.0	17.789	1007.011	0.501	0.501	204.0	0.0	0.0	0.0	0.0	76.5	64.02	1.12	1.12
2026-09-26 02:51	24.722	58.0	17.789	1006.909	0.599	1.001	201.0	0.0	0.0	0.0	0.0	76.5	64.02	1.34	2.24
2026-09-26 02:52	24.611	58.0	17.689	1007.011	0.501	0.501	202.0	0.0	0.0	0.0	0.0	76.3	63.84	1.12	1.12
2026-09-26 02:53	24.611	58.0	17.689	1007.011	0.501	0.501	202.0	0.0	0.0	0.0	0.0	76.3	63.84	1.12	1.12
2026-09-26 02:54	24.722	58.0	17.789	1007.011	0.8	1.001	203.0	0.0	0.0	0.0	0.0	76.5	64.02	1.79	2.24
2026-09-26 02:55	24.722	58.0	17.789	1006.706	0.501	0.501	197.0	0.0	0.0	0.0	0.0	76.5	64.02	1.12	1.12
2026-09-26 02:56	24.722	58.0	17.789	1007.011	1.1	1.502	204.0	0.0	0.0	0.0	0.0	76.5	64.02	2.46	3.36
2026-09-26 02:57	24.722	58.0	17.789	1006.909	0.8	1.001	205.0	0.0	0.0	0.0	0.0	76.5	64.02	1.79	2.24
2026-09-26 02:58	24.722	58.0	17.789	1006.706	0.8	1.001	208.0	0.0	0.0	0.0	0.0	76.5	64.02	1.79	2.24
2026-09-26 02:59	24.722	59.0	18.0	1007.011	0.501	0.501	204.0	0.0	0.0	0.0	0.0	76.5	64.4	1.12	1.12
2026-09-26 03:00	24.722	59.0	18.0	1006.808	0.501	0.501	200.0	0.0	0.0	0.0	0.0	76.5	64.4	1.12	1.12
2026-09-26 03:01	24.722	59.0	18.0	1007.011	0.501	0.501	202.0	0.0	0.0	0.0	0.0	76.5	64.4	1.12	1.12
2026-09-26 03:02	24.722	59.0	18.0	1007.011	0.501	0.501	198.0	0.0	0.0	0.0	0.0	76.5	64.4	1.12	1.12
2026-09-26 03:03	24.722	59.0	18.0	1006.909	0.501	0.501	202.0	0.0	0.0	0.0	0.0	76.5	64.4	1.12	1.12
2026-09-26 03:04	24.722	59.0	18.0	1007.011	0.3	0.501	200.0	0.0	0.0	0.0	0.0	76.5	64.4	0.67	1.12
2026-09-26 03:05	24.722	59.0	18.0	1007.011	0.398	0.501	196.0	0.0	0.0	0.0	0.0	76.5	64.4	0.89	1.12
2026-09-26 03:06	24.722	59.0	18.0	1006.909	0.501	0.501	197.0	0.0	0.0	0.0	0.0	76.5	64.4	1.12	1.12
2026-09-26 03:07	24.722	59.0	18.0	1006.909	0.501	0.501	199.0	0.0	0.0	0.0	0.0	76.5	64.4	1.12	1.12
2026-09-26 03:08	24.722	59.0	18.0	1006.909	0.599	1.001	200.0	0.0	0.0	0.0	0.0	76.5	64.4	1.34	2.24
2026-09-26 03:09	24.722	59.0	18.0	1006.808	0.398	0.501	195.0	0.0	0.0	0.0	0.0	76.5	64.4	0.89	1.12
2026-09-26 03:10	24.722	59.0	18.0	1006.909	0.599	1.001	198.0	0.0	0.0	0.0	0.0	76.5	64.4	1.34	2.24
2026-09-26 03:11	24.722	59.0	18.0	1006.808	0.8	1.001	201.0	0.0	0.0	0.0	0.0	76.5	64.4	1.79	2.24
2026-09-26 03:12	24.722	59.0	18.0	1007.112	0.398	0.501	200.0	0.0	0.0	0.0	0.0	76.5	64.4	0.89	1.12
2026-09-26 03:13	24.722	59.0	18.0	1006.909	0.501	0.501	199.0	0.0	0.0	0.0	0.0	76.5	64.4	1.12	1.12
2026-09-26 03:14	24.722	58.0	17.789	1006.706	0.501	0.501	196.0	0.0	0.0	0.0	0.0	76.5	64.02	1.12	1.12
2026-09-26 03:15	24.722	58.0	17.789	1007.011	0.501	0.501	196.0	0.0	0.0	0.0	0.0	76.5	64.02	1.12	1.12
2026-09-26 03:16	24.722	58.0	17.789	1006.909	0.501	0.501	200.0	0.0	0.0	0.0	0.0	76.5	64.02	1.12	1.12
2026-09-26 03:17	24.722	58.0	17.789	1006.808	0.599	1.001	237.0	0.0	0.0	0.0	0.0	76.5	64.02	1.34	2.24
2026-09-26 03:18	24.722	58.0	17.789	1006.909	0.8	1.001	214.0	0.0	0.0	0.0	0.0	76.5	64.02	1.79	2.24
2026-09-26 03:19	24.722	58.0	17.789	1006.808	1.001	1.001	242.0	0.0	0.0	0.0	0.0	76.5	64.02	2.24	2.24
2026-09-26 03:20	24.722	58.0	17.789	1006.909	1.1	1.502	280.0	0.0	0.0	0.0	0.0	76.5	64.02	2.46	3.36
2026-09-26 03:21	24.722	58.0	17.789	1006.808	1.001	1.001	198.0	0.0	0.0	0.0	0.0	76.5	64.02	2.24	2.24
2026-09-26 03:22	24.722	58.0	17.789	1006.808	0.8	1.001	207.0	0.0	0.0	0.0	0.0	76.5	64.02	1.79	2.24
2026-09-26 03:23	24.722	57.0	17.578	1006.706	1.001	1.001	275.0	0.0	0.0	0.0	0.0	76.5	63.64	2.24	2.24
2026-09-26 03:24	24.722	57.0	17.578	1006.909	1.399	1.502	234.0	0.0	0.0	0.0	0.0	76.5	63.64	3.13	3.36
2026-09-26 03:25	24.778	57.0	17.628	1006.706	1.198	1.998	254.0	0.0	0.0	0.0	0.0	76.6	63.73	2.68	4.47
2026-09-26 03:26	24.778	57.0	17.628	1006.604	1.301	1.502	222.0	0.0	0.0	0.0	0.0	76.6	63.73	2.91	3.36
2026-09-26 03:27	24.778	57.0	17.628	1006.808	1.001	1.502	179.0	0.0	0.0	0.0	0.0	76.6	63.73	2.24	3.36
2026-09-26 03:28	24.778	56.0	17.411	1006.909	1.198	1.502	211.0	0.0	0.0	0.0	0.0	76.6	63.34	2.68	3.36
2026-09-26 03:29	24.778	56.0	17.411	1006.706	1.1	1.502	215.0	0.0	0.0	0.0	0.0	76.6	63.34	2.46	3.36
2026-09-26 03:30	24.778	56.0	17.411	1006.909	1.699	1.998	334.0	0.0	0.0	0.0	0.0	76.6	63.34	3.8	4.47
2026-09-26 03:31	24.889	56.0	17.517	1006.808	1.998	1.998	39.0	0.0	0.0	0.0	0.0	76.8	63.53	4.47	4.47
2026-09-26 03:32	24.889	56.0	17.517	1006.706	1.699	1.998	213.0	0.0	0.0	0.0	0.0	76.8	63.53	3.8	4.47
2026-09-26 03:33	24.889	55.0	17.294	1006.706	1.802	1.998	268.0	0.0	0.0	0.0	0.0	76.8	63.13	4.03	4.47
2026-09-26 03:34	24.889	55.0	17.294	1006.706	2.199	2.602	308.0	0.0	0.0	0.0	0.0	76.8	63.13	4.92	5.82
2026-09-26 03:35	25.0	55.0	17.4	1006.808	1.699	1.998	211.0	0.0	0.0	0.0	0.0	77.0	63.32	3.8	4.47
2026-09-26 03:36	25.0	55.0	17.4	1006.604	1.301	1.502	265.0	0.0	0.0	0.0	0.0	77.0	63.32	2.91	3.36
2026-09-26 03:37	25.0	55.0	17.4	1006.604	1.699	1.998	236.0	0.0	0.0	0.0	0.0	77.0	63.32	3.8	4.47
2026-09-26 03:38	25.111	55.0	17.5	1006.706	1.198	1.998	307.0	0.0	0.0	0.0	0.0	77.2	63.5	2.68	4.47
2026-09-26 03:39	25.111	54.0	17.278	1006.503	1.998	2.602	272.0	0.0	0.0	0.0	0.0	77.2	63.1	4.47	5.82
2026-09-26 03:40	25.111	54.0	17.278	1006.808	1.198	1.502	318.0	0.0	0.0	0.0	0.0	77.2	63.1	2.68	3.36
2026-09-26 03:41	25.111	54.0	17.278	1006.706	1.301	1.998	276.0	0.0	0.0	0.0	0.0	77.2	63.1	2.91	4.47
2026-09-26 03:42	25.111	54.0	17.278	1006.604	1.301	1.502	255.0	0.0	0.0	0.0	0.0	77.2	63.1	2.91	3.36
2026-09-26 03:43	25.222	54.0	17.378	1006.706	1.802	1.998	292.0	0.0	0.0	0.0	0.0	77.4	63.28	4.03	4.47
2026-09-26 03:44	25.222	54.0	17.378	1006.808	1.502	1.502	226.0	0.0	0.0	0.0	0.0	77.4	63.28	3.36	3.36
2026-09-26 03:45	25.222	54.0	17.378	1006.706	1.1	1.502	250.0	0.0	0.0	0.0	0.0	77.4	63.28	2.46	3.36
2026-09-26 03:46	25.222	54.0	17.378	1006.604	1.998	2.602	309.0	0.0	0.0	0.0	0.0	77.4	63.28	4.47	5.82
2026-09-26 03:47	25.222	53.0	17.15	1006.808	1.198	1.502	243.0	0.0	0.0	0.0	0.0	77.4	62.87	2.68	3.36
2026-09-26 03:48	25.222	53.0	17.15	1006.909	1.198	1.502	315.0	0.0	0.0	0.0	0.0	77.4	62.87	2.68	3.36
2026-09-26 03:49	25.278	53.0	17.2	1006.808	1.802	2.602	281.0	0.0	0.0	0.0	0.0	77.5	62.96	4.03	5.82
2026-09-26 03:50	25.278	53.0	17.2	1006.808	1.399	1.502	249.0	0.0	0.0	0.0	0.0	77.5	62.96	3.13	3.36
2026-09-26 03:51	25.278	53.0	17.2	1006.808	0.8	1.001	202.0	0.0	0.0	0.0	0.0	77.5	62.96	1.79	2.24
2026-09-26 03:52	25.278	53.0	17.2	1006.909	1.1	1.502	232.0	0.0	0.0	0.0	0.0	77.5	62.96	2.46	3.36
2026-09-26 03:53	25.278	53.0	17.2	1006.909	1.1	1.502	232.0	0.0	0.0	0.0	0.0	77.5	62.96	2.46	3.36
2026-09-26 03:54	25.278	53.0	17.2	1006.909	1.502	1.502	248.0	0.0	0.0	0.0	0.0	77.5	62.96	3.36	3.36
2026-09-26 03:55	25.278	53.0	17.2	1006.808	0.899	1.001	208.0	0.0	0.0	0.0	0.0	77.5	62.96	2.01	2.24
2026-09-26 03:56	25.278	53.0	17.2	1006.909	0.8	1.001	251.0	0.0	0.0	0.0	0.0	77.5	62.96	1.79	2.24
2026-09-26 03:57	25.389	53.0	17.3	1007.011	1.001	1.001	213.0	0.0	0.0	0.0	0.0	77.7	63.14	2.24	2.24
2026-09-26 03:58	25.278	53.0	17.2	1006.808	1.001	1.001	276.0	0.0	0.0	0.0	0.0	77.5	62.96	2.24	2.24
2026-09-26 03:59	25.278	53.0	17.2	1006.909	0.899	1.001	209.0	0.0	0.0	0.0	0.0	77.5	62.96	2.01	2.24
2026-09-26 04:00	25.278	53.0	17.2	1006.909	1.699	2.602	201.0	0.0	0.0	0.0	0.0	77.5	62.96	3.8	5.82
2026-09-26 04:01	25.278	53.0	17.2	1007.112	1.198	1.502	254.0	0.0	0.0	0.0	0.0	77.5	62.96	2.68	3.36
2026-09-26 04:02	25.278	53.0	17.2	1006.909	1.001	1.502	209.0	0.0	0.0	0.0	0.0	77.5	62.96	2.24	3.36
2026-09-26 04:03	25.278	53.0	17.2	1007.011	1.001	1.502	223.0	0.0	0.0	0.0	0.0	77.5	62.96	2.24	3.36
2026-09-26 04:04	25.389	53.0	17.3	1006.909	1.001	1.001	221.0	0.0	0.0	0.0	0.0	77.7	63.14	2.24	2.24
2026-09-26 04:05	25.389	53.0	17.3	1006.808	0.501	1.001	202.0	0.0	0.0	0.0	0.0	77.7	63.14	1.12	2.24
2026-09-26 04:06	25.389	53.0	17.3	1006.808	1.001	1.001	226.0	0.0	0.0	0.0	0.0	77.7	63.14	2.24	2.24
2026-09-26 04:07	25.389	53.0	17.3	1007.011	1.001	1.001	204.0	0.0	0.0	0.0	0.0	77.7	63.14	2.24	2.24
2026-09-26 04:08	25.389	52.0	17.072	1007.011	1.1	1.502	229.0	0.0	0.0	0.0	0.0	77.7	62.73	2.46	3.36
2026-09-26 04:09	25.389	52.0	17.072	1007.011	1.1	1.502	202.0	0.0	0.0	0.0	0.0	77.7	62.73	2.46	3.36
2026-09-26 04:10	25.389	52.0	17.072	1006.909	1.001	1.001	237.0	0.0	0.0	0.0	0.0	77.7	62.73	2.24	2.24
2026-09-26 04:11	25.389	52.0	17.072	1006.909	1.198	1.502	275.0	0.0	0.0	0.0	0.0	77.7	62.73	2.68	3.36
2026-09-26 04:12	25.389	52.0	17.072	1007.011	1.001	1.001	219.0	0.0	0.0	0.0	0.0	77.7	62.73	2.24	2.24
2026-09-26 04:13	25.389	52.0	17.072	1006.808	1.1	1.502	231.0	0.0	0.0	0.0	0.0	77.7	62.73	2.46	3.36
2026-09-26 04:14	25.278	52.0	16.972	1006.909	0.8	1.001	201.0	0.0	0.0	0.0	0.0	77.5	62.55	1.79	2.24
2026-09-26 04:15	25.278	52.0	16.972	1006.909	0.599	1.001	239.0	0.0	0.0	0.0	0.0	77.5	62.55	1.34	2.24
2026-09-26 04:16	25.278	52.0	16.972	1007.112	0.398	0.501	200.0	0.0	0.0	0.0	0.0	77.5	62.55	0.89	1.12
2026-09-26 04:17	25.278	52.0	16.972	1006.909	0.599	1.001	232.0	0.0	0.0	0.0	0.0	77.5	62.55	1.34	2.24
2026-09-26 04:18	25.278	52.0	16.972	1007.011	0.501	0.501	201.0	0.0	0.0	0.0	0.0	77.5	62.55	1.12	1.12
2026-09-26 04:19	25.278	52.0	16.972	1007.112	0.201	0.501	205.0	0.0	0.0	0.0	0.0	77.5	62.55	0.45	1.12
2026-09-26 04:20	25.278	52.0	16.972	1007.011	0.599	1.001	199.0	0.0	0.0	0.0	0.0	77.5	62.55	1.34	2.24
2026-09-26 04:21	25.278	52.0	16.972	1007.112	1.001	1.001	212.0	0.0	0.0	0.0	0.0	77.5	62.55	2.24	2.24
2026-09-26 04:22	25.278	52.0	16.972	1007.011	0.501	0.501	213.0	0.0	0.0	0.0	0.0	77.5	62.55	1.12	1.12
2026-09-26 04:23	25.278	52.0	16.972	1007.011	1.399	1.998	243.0	0.0	0.0	0.0	0.0	77.5	62.55	3.13	4.47
2026-09-26 04:24	25.278	52.0	16.972	1007.316	0.501	0.501	213.0	0.0	0.0	0.0	0.0	77.5	62.55	1.12	1.12
2026-09-26 04:25	25.222	52.0	16.922	1007.112	0.398	0.501	206.0	0.0	0.0	0.0	0.0	77.4	62.46	0.89	1.12
2026-09-26 04:26	25.222	52.0	16.922	1007.112	0.501	0.501	205.0	0.0	0.0	0.0	0.0	77.4	62.46	1.12	1.12
2026-09-26 04:27	25.222	52.0	16.922	1007.112	0.098	0.501	196.0	0.0	0.0	0.0	0.0	77.4	62.46	0.22	1.12
2026-09-26 04:28	25.222	52.0	16.922	1007.112	0.8	1.001	202.0	0.0	0.0	0.0	0.0	77.4	62.46	1.79	2.24
2026-09-26 04:29	25.222	52.0	16.922	1007.112	1.001	1.001	214.0	0.0	0.0	0.0	0.0	77.4	62.46	2.24	2.24
2026-09-26 04:30	25.222	52.0	16.922	1007.011	0.599	1.001	211.0	0.0	0.0	0.0	0.0	77.4	62.46	1.34	2.24
2026-09-26 04:31	25.222	52.0	16.922	1007.112	0.8	1.001	202.0	0.0	0.0	0.0	0.0	77.4	62.46	1.79	2.24
2026-09-26 04:32	25.222	52.0	16.922	1007.214	0.398	0.501	202.0	0.0	0.0	0.0	0.0	77.4	62.46	0.89	1.12
2026-09-26 04:33	25.111	52.0	16.817	1007.011	0.599	1.001	204.0	0.0	0.0	0.0	0.0	77.2	62.27	1.34	2.24
2026-09-26 04:34	25.111	52.0	16.817	1007.112	0.501	0.501	197.0	0.0	0.0	0.0	0.0	77.2	62.27	1.12	1.12
2026-09-26 04:35	25.111	52.0	16.817	1007.112	0.599	1.001	199.0	0.0	0.0	0.0	0.0	77.2	62.27	1.34	2.24
2026-09-26 04:36	25.111	52.0	16.817	1006.909	0.3	0.501	204.0	0.0	0.0	0.0	0.0	77.2	62.27	0.67	1.12
2026-09-26 04:37	25.111	52.0	16.817	1007.112	0.599	1.001	217.0	0.0	0.0	0.0	0.0	77.2	62.27	1.34	2.24
2026-09-26 04:38	25.111	52.0	16.817	1007.011	0.8	1.001	202.0	0.0	0.0	0.0	0.0	77.2	62.27	1.79	2.24
2026-09-26 04:39	25.111	52.0	16.817	1006.909	0.599	1.001	209.0	0.0	0.0	0.0	0.0	77.2	62.27	1.34	2.24
2026-09-26 04:40	25.111	53.0	17.05	1007.112	0.599	1.001	200.0	0.0	0.0	0.0	0.0	77.2	62.69	1.34	2.24
2026-09-26 04:41	25.111	53.0	17.05	1007.112	0.599	1.001	201.0	0.0	0.0	0.0	0.0	77.2	62.69	1.34	2.24
2026-09-26 04:42	25.0	53.0	16.95	1007.214	1.001	1.502	210.0	0.0	0.0	0.0	0.0	77.0	62.51	2.24	3.36
2026-09-26 04:43	25.111	53.0	17.05	1007.011	0.501	1.001	200.0	0.0	0.0	0.0	0.0	77.2	62.69	1.12	2.24
2026-09-26 04:44	25.0	53.0	16.95	1007.112	0.599	1.001	202.0	0.0	0.0	0.0	0.0	77.0	62.51	1.34	2.24
2026-09-26 04:45	25.0	53.0	16.95	1007.011	0.599	1.001	203.0	0.0	0.0	0.0	0.0	77.0	62.51	1.34	2.24
2026-09-26 04:46	25.0	53.0	16.95	1006.909	0.899	1.001	195.0	0.0	0.0	0.0	0.0	77.0	62.51	2.01	2.24
2026-09-26 04:47	25.0	53.0	16.95	1007.011	0.501	1.001	199.0	0.0	0.0	0.0	0.0	77.0	62.51	1.12	2.24
2026-09-26 04:48	25.0	53.0	16.95	1007.011	0.501	0.501	201.0	0.0	0.0	0.0	0.0	77.0	62.51	1.12	1.12
2026-09-26 04:49	25.0	53.0	16.95	1007.214	0.599	1.001	201.0	0.0	0.0	0.0	0.0	77.0	62.51	1.34	2.24
2026-09-26 04:50	25.0	53.0	16.95	1007.112	1.1	1.502	203.0	0.0	0.0	0.0	0.0	77.0	62.51	2.46	3.36
2026-09-26 04:51	25.0	53.0	16.95	1007.011	0.899	1.001	207.0	0.0	0.0	0.0	0.0	77.0	62.51	2.01	2.24
2026-09-26 04:52	25.0	53.0	16.95	1007.011	1.1	1.502	209.0	0.0	0.0	0.0	0.0	77.0	62.51	2.46	3.36
2026-09-26 04:53	24.889	53.0	16.844	1006.909	0.599	1.001	215.0	0.0	0.0	0.0	0.0	76.8	62.32	1.34	2.24
2026-09-26 04:54	24.889	53.0	16.844	1006.909	0.599	1.001	215.0	0.0	0.0	0.0	0.0	76.8	62.32	1.34	2.24
2026-09-26 04:55	24.889	53.0	16.844	1007.011	0.599	1.001	212.0	0.0	0.0	0.0	0.0	76.8	62.32	1.34	2.24
2026-09-26 04:56	24.889	53.0	16.844	1007.112	0.501	0.501	210.0	0.0	0.0	0.0	0.0	76.8	62.32	1.12	1.12
2026-09-26 04:57	24.889	53.0	16.844	1007.112	0.8	1.001	219.0	0.0	0.0	0.0	0.0	76.8	62.32	1.79	2.24
2026-09-26 04:58	24.889	53.0	16.844	1007.011	0.599	1.001	206.0	0.0	0.0	0.0	0.0	76.8	62.32	1.34	2.24
2026-09-26 04:59	24.889	53.0	16.844	1007.011	1.301	1.502	233.0	0.0	0.0	0.0	0.0	76.8	62.32	2.91	3.36
2026-09-26 05:00	24.889	53.0	16.844	1007.112	0.8	1.001	207.0	0.0	0.0	0.0	0.0	76.8	62.32	1.79	2.24
2026-09-26 05:01	24.889	53.0	16.844	1006.909	0.599	1.001	220.0	0.0	0.0	0.0	0.0	76.8	62.32	1.34	2.24
2026-09-26 05:02	24.889	53.0	16.844	1007.112	0.501	1.001	206.0	0.0	0.0	0.0	0.0	76.8	62.32	1.12	2.24
2026-09-26 05:03	24.889	53.0	16.844	1007.316	0.501	0.501	206.0	0.0	0.0	0.0	0.0	76.8	62.32	1.12	1.12
2026-09-26 05:04	24.889	53.0	16.844	1007.011	0.8	1.001	210.0	0.0	0.0	0.0	0.0	76.8	62.32	1.79	2.24
2026-09-26 05:05	24.889	53.0	16.844	1007.011	1.1	1.502	209.0	0.0	0.0	0.0	0.0	76.8	62.32	2.46	3.36
2026-09-26 05:06	24.889	53.0	16.844	1007.316	0.501	0.501	203.0	0.0	0.0	0.0	0.0	76.8	62.32	1.12	1.12
2026-09-26 05:07	24.889	53.0	16.844	1007.214	1.001	1.001	198.0	0.0	0.0	0.0	0.0	76.8	62.32	2.24	2.24
2026-09-26 05:08	24.889	53.0	16.844	1007.112	0.8	1.001	204.0	0.0	0.0	0.0	0.0	76.8	62.32	1.79	2.24
2026-09-26 05:09	24.889	53.0	16.844	1007.214	0.098	0.501	199.0	0.0	0.0	0.0	0.0	76.8	62.32	0.22	1.12
2026-09-26 05:10	24.889	53.0	16.844	1007.316	1.301	1.998	196.0	0.0	0.0	0.0	0.0	76.8	62.32	2.91	4.47
2026-09-26 05:11	24.889	53.0	16.844	1007.011	0.0	0.0	198.0	0.0	0.0	0.0	0.0	76.8	62.32	0.0	0.0
2026-09-26 05:12	24.889	53.0	16.844	1007.214	0.201	0.501	195.0	0.0	0.0	0.0	0.0	76.8	62.32	0.45	1.12
2026-09-26 05:13	24.889	53.0	16.844	1007.214	0.398	0.501	213.0	0.0	0.0	0.0	0.0	76.8	62.32	0.89	1.12
2026-09-26 05:14	24.889	53.0	16.844	1007.214	0.899	1.001	196.0	0.0	0.0	0.0	0.0	76.8	62.32	2.01	2.24
2026-09-26 05:15	24.889	53.0	16.844	1007.112	0.398	0.501	199.0	0.0	0.0	0.0	0.0	76.8	62.32	0.89	1.12
2026-09-26 05:16	24.889	53.0	16.844	1007.214	1.001	1.001	228.0	0.0	0.0	0.0	0.0	76.8	62.32	2.24	2.24
2026-09-26 05:17	24.889	53.0	16.844	1007.214	0.702	1.001	214.0	0.0	0.0	0.0	0.0	76.8	62.32	1.57	2.24
2026-09-26 05:18	25.0	53.0	16.95	1007.417	0.8	1.001	200.0	0.0	0.0	0.0	0.0	77.0	62.51	1.79	2.24
2026-09-26 05:19	25.0	53.0	16.95	1007.214	0.398	1.001	199.0	0.0	0.0	0.0	0.0	77.0	62.51	0.89	2.24
2026-09-26 05:20	25.0	53.0	16.95	1007.316	1.001	1.001	202.0	0.0	0.0	0.0	0.0	77.0	62.51	2.24	2.24
2026-09-26 05:21	25.0	53.0	16.95	1007.214	0.501	0.501	181.0	0.0	0.0	0.0	0.0	77.0	62.51	1.12	1.12
2026-09-26 05:22	25.0	53.0	16.95	1007.214	0.0	0.0	191.0	0.0	0.0	0.0	0.0	77.0	62.51	0.0	0.0
2026-09-26 05:23	25.0	53.0	16.95	1007.417	0.3	0.501	201.0	0.0	0.0	0.0	0.0	77.0	62.51	0.67	1.12
2026-09-26 05:24	25.0	53.0	16.95	1007.417	0.3	0.501	201.0	0.0	0.0	0.0	0.0	77.0	62.51	0.67	1.12
2026-09-26 05:25	25.0	53.0	16.95	1007.417	0.501	0.501	202.0	0.0	0.0	0.0	0.0	77.0	62.51	1.12	1.12
2026-09-26 05:26	25.111	52.0	16.817	1007.316	0.8	1.001	200.0	0.0	0.0	0.0	0.0	77.2	62.27	1.79	2.24
2026-09-26 05:27	25.111	52.0	16.817	1007.214	0.599	1.001	206.0	0.0	0.0	0.0	0.0	77.2	62.27	1.34	2.24
2026-09-26 05:28	25.111	52.0	16.817	1007.316	1.001	1.001	207.0	0.0	0.0	0.0	0.0	77.2	62.27	2.24	2.24
2026-09-26 05:29	25.111	52.0	16.817	1007.316	0.599	1.001	262.0	0.0	0.0	0.0	0.0	77.2	62.27	1.34	2.24
2026-09-26 05:30	25.111	52.0	16.817	1007.417	0.8	1.001	200.0	0.0	0.0	0.0	0.0	77.2	62.27	1.79	2.24
2026-09-26 05:31	25.111	52.0	16.817	1007.316	1.198	1.502	219.0	0.0	0.0	0.0	0.0	77.2	62.27	2.68	3.36
2026-09-26 05:32	25.111	52.0	16.817	1007.214	0.599	1.001	202.0	0.0	0.0	0.0	0.0	77.2	62.27	1.34	2.24
2026-09-26 05:33	25.111	52.0	16.817	1007.214	0.8	1.001	212.0	0.0	0.0	0.0	0.0	77.2	62.27	1.79	2.24
2026-09-26 05:34	25.111	52.0	16.817	1007.214	0.8	1.001	213.0	0.0	0.0	0.0	0.0	77.2	62.27	1.79	2.24
2026-09-26 05:35	25.111	52.0	16.817	1007.316	1.399	1.502	205.0	0.0	0.0	0.0	0.0	77.2	62.27	3.13	3.36
2026-09-26 05:36	25.111	52.0	16.817	1007.214	1.001	1.502	208.0	0.0	0.0	0.0	0.0	77.2	62.27	2.24	3.36
2026-09-26 05:37	25.111	52.0	16.817	1007.417	0.599	1.001	211.0	0.0	0.0	0.0	0.0	77.2	62.27	1.34	2.24
2026-09-26 05:38	25.0	52.0	16.717	1007.214	0.8	1.001	221.0	0.0	0.0	0.0	0.0	77.0	62.09	1.79	2.24
2026-09-26 05:39	25.0	52.0	16.717	1007.417	0.599	1.001	217.0	0.0	0.0	0.0	0.0	77.0	62.09	1.34	2.24
2026-09-26 05:40	25.0	52.0	16.717	1007.214	0.501	0.501	206.0	0.0	0.0	0.0	0.0	77.0	62.09	1.12	1.12
2026-09-26 05:41	25.0	52.0	16.717	1007.214	0.3	0.501	206.0	0.0	0.0	0.0	0.0	77.0	62.09	0.67	1.12
2026-09-26 05:42	25.0	52.0	16.717	1007.417	0.398	0.501	202.0	0.0	0.0	0.0	0.0	77.0	62.09	0.89	1.12
2026-09-26 05:43	25.0	52.0	16.717	1007.417	0.501	0.501	209.0	0.0	0.0	0.0	0.0	77.0	62.09	1.12	1.12
2026-09-26 05:44	24.889	52.0	16.617	1007.417	0.098	0.501	203.0	0.0	0.0	0.0	0.0	76.8	61.91	0.22	1.12
2026-09-26 05:45	24.889	53.0	16.844	1007.417	0.201	0.501	202.0	0.0	0.0	0.0	0.0	76.8	62.32	0.45	1.12
2026-09-26 05:46	24.889	53.0	16.844	1007.417	0.098	0.501	201.0	0.0	0.0	0.0	0.0	76.8	62.32	0.22	1.12
2026-09-26 05:47	24.889	52.0	16.617	1007.417	0.098	0.501	203.0	0.0	0.0	0.0	0.0	76.8	61.91	0.22	1.12
2026-09-26 05:48	24.889	52.0	16.617	1007.417	0.201	0.501	205.0	0.0	0.0	0.0	0.0	76.8	61.91	0.45	1.12
2026-09-26 05:49	24.889	52.0	16.617	1007.417	0.0	0.0	197.0	0.0	0.0	0.0	0.0	76.8	61.91	0.0	0.0
2026-09-26 05:50	24.778	52.0	16.517	1007.485	0.0	0.0	198.0	0.0	0.01	0.0	0.0	76.6	61.73	0.0	0.0
2026-09-26 05:51	24.778	53.0	16.744	1007.417	0.0	0.0	198.0	0.0	0.01	0.0	0.0	76.6	62.14	0.0	0.0
2026-09-26 05:52	24.778	53.0	16.744	1007.485	0.3	0.501	201.0	0.0	0.01	0.0	0.0	76.6	62.14	0.67	1.12
2026-09-26 05:53	24.778	53.0	16.744	1007.417	0.0	0.0	200.0	0.0	0.02	0.0	0.0	76.6	62.14	0.0	0.0
2026-09-26 05:54	24.722	53.0	16.694	1007.485	0.201	0.501	198.0	0.0	0.02	0.0	0.0	76.5	62.05	0.45	1.12
2026-09-26 05:55	24.722	53.0	16.694	1007.485	0.201	0.501	198.0	0.0	0.02	0.0	0.0	76.5	62.05	0.45	1.12
2026-09-26 05:56	24.722	53.0	16.694	1007.485	0.3	0.501	201.0	0.0	0.02	0.0	0.0	76.5	62.05	0.67	1.12
2026-09-26 05:57	24.722	53.0	16.694	1007.417	0.398	0.501	202.0	0.0	0.03	0.0	0.0	76.5	62.05	0.89	1.12
2026-09-26 05:58	24.722	53.0	16.694	1007.485	0.398	1.001	259.0	0.0	0.04	0.0	0.0	76.5	62.05	0.89	2.24
2026-09-26 05:59	24.722	53.0	16.694	1007.417	0.201	0.501	200.0	0.0	0.06	0.0	0.0	76.5	62.05	0.45	1.12
2026-09-26 06:00	24.722	53.0	16.694	1007.417	0.599	1.001	204.0	0.0	0.07	0.0	0.0	76.5	62.05	1.34	2.24
2026-09-26 06:01	24.722	53.0	16.694	1007.417	0.501	0.501	201.0	0.0	0.09	0.0	0.0	76.5	62.05	1.12	1.12
2026-09-26 06:02	24.722	53.0	16.694	1007.586	0.599	1.001	209.0	0.0	0.13	0.0	0.0	76.5	62.05	1.34	2.24
2026-09-26 06:03	24.611	53.0	16.594	1007.316	1.001	1.001	209.0	0.0	0.16	0.0	0.0	76.3	61.87	2.24	2.24
2026-09-26 06:04	24.611	53.0	16.594	1007.417	0.501	0.501	206.0	0.0	0.21	0.0	0.0	76.3	61.87	1.12	1.12
2026-09-26 06:05	24.611	53.0	16.594	1007.316	0.398	0.501	199.0	0.0	0.27	0.0	0.0	76.3	61.87	0.89	1.12
2026-09-26 06:06	24.611	53.0	16.594	1007.316	0.8	1.001	234.0	0.0	0.35	0.0	0.0	76.3	61.87	1.79	2.24
2026-09-26 06:07	24.611	53.0	16.594	1007.586	0.501	0.501	199.0	0.0	0.43	0.0	0.0	76.3	61.87	1.12	1.12
2026-09-26 06:08	24.611	53.0	16.594	1007.485	0.599	1.001	218.0	0.0	0.53	0.0	0.0	76.3	61.87	1.34	2.24
2026-09-26 06:09	24.611	53.0	16.594	1007.417	0.501	0.501	206.0	0.0	0.67	0.0	0.0	76.3	61.87	1.12	1.12
2026-09-26 06:10	24.611	53.0	16.594	1007.688	0.8	1.001	209.0	0.0	0.84	0.0	0.0	76.3	61.87	1.79	2.24
2026-09-26 06:11	24.611	53.0	16.594	1007.586	0.0	0.0	195.0	0.0	1.03	0.0	0.0	76.3	61.87	0.0	0.0
2026-09-26 06:12	24.611	53.0	16.594	1007.688	0.0	0.0	195.0	0.0	1.25	0.0	0.0	76.3	61.87	0.0	0.0
2026-09-26 06:13	24.611	53.0	16.594	1007.485	0.0	0.0	187.0	0.0	1.52	0.0	0.0	76.3	61.87	0.0	0.0
2026-09-26 06:14	24.611	53.0	16.594	1007.586	0.0	0.0	187.0	0.0	1.73	0.0	0.0	76.3	61.87	0.0	0.0
2026-09-26 06:15	24.611	53.0	16.594	1007.586	0.0	0.0	192.0	0.0	2.07	0.0	0.0	76.3	61.87	0.0	0.0
2026-09-26 06:16	24.611	53.0	16.594	1007.586	0.3	0.501	195.0	0.0	2.44	0.0	0.0	76.3	61.87	0.67	1.12
2026-09-26 06:17	24.611	53.0	16.594	1007.586	0.0	0.0	196.0	0.0	2.83	0.0	0.0	76.3	61.87	0.0	0.0
2026-09-26 06:18	24.5	53.0	16.494	1007.586	0.0	0.0	185.0	0.0	3.28	0.0	0.0	76.1	61.69	0.0	0.0
2026-09-26 06:19	24.5	53.0	16.494	1007.79	0.0	0.0	186.0	0.0	3.62	0.0	0.0	76.1	61.69	0.0	0.0
2026-09-26 06:20	24.5	53.0	16.494	1007.586	0.0	0.0	192.0	0.0	4.16	0.0	0.0	76.1	61.69	0.0	0.0
2026-09-26 06:21	24.5	53.0	16.494	1007.485	0.0	0.0	193.0	0.0	4.71	0.0	0.0	76.1	61.69	0.0	0.0
2026-09-26 06:22	24.5	53.0	16.494	1007.586	0.0	0.0	193.0	0.0	5.31	0.0	0.0	76.1	61.69	0.0	0.0
2026-09-26 06:23	24.5	53.0	16.494	1007.688	0.0	0.0	193.0	0.0	5.96	0.0	0.0	76.1	61.69	0.0	0.0
2026-09-26 06:24	24.5	54.0	16.717	1007.586	0.0	0.0	195.0	0.0	6.62	0.0	0.0	76.1	62.09	0.0	0.0
2026-09-26 06:25	24.389	54.0	16.617	1007.417	0.398	0.501	201.0	0.0	7.17	0.0	0.0	75.9	61.91	0.89	1.12
2026-09-26 06:26	24.5	54.0	16.717	1007.586	0.201	0.501	197.0	0.0	7.93	0.0	0.0	76.1	62.09	0.45	1.12
2026-09-26 06:27	24.389	54.0	16.617	1007.417	0.501	0.501	196.0	0.0	8.7	0.0	0.0	75.9	61.91	1.12	1.12
2026-09-26 06:28	24.389	54.0	16.617	1007.586	0.702	1.001	205.0	0.0	9.52	0.0	0.0	75.9	61.91	1.57	2.24
2026-09-26 06:29	24.389	54.0	16.617	1007.688	0.098	0.501	198.0	0.0	10.32	0.0	0.0	75.9	61.91	0.22	1.12
2026-09-26 06:30	24.389	54.0	16.617	1007.485	0.098	0.501	195.0	0.0	10.93	0.0	0.0	75.9	61.91	0.22	1.12
2026-09-26 06:31	24.389	54.0	16.617	1007.688	0.398	0.501	197.0	0.0	11.79	0.0	0.0	75.9	61.91	0.89	1.12
2026-09-26 06:32	24.389	54.0	16.617	1007.485	0.501	0.501	199.0	0.0	12.69	0.0	0.0	75.9	61.91	1.12	1.12
2026-09-26 06:33	24.389	54.0	16.617	1007.586	0.201	0.501	196.0	0.0	13.65	0.0	0.0	75.9	61.91	0.45	1.12
2026-09-26 06:34	24.278	54.0	16.517	1007.79	0.0	0.0	191.0	0.0	14.34	0.0	0.0	75.7	61.73	0.0	0.0
2026-09-26 06:35	24.278	54.0	16.517	1007.79	0.0	0.0	192.0	0.0	15.35	0.0	0.0	75.7	61.73	0.0	0.0
2026-09-26 06:36	24.278	55.0	16.733	1007.586	0.0	0.0	192.0	0.0	16.37	0.0	0.0	75.7	62.12	0.0	0.0
2026-09-26 06:37	24.278	55.0	16.733	1007.79	0.0	0.0	193.0	0.0	17.41	0.0	0.0	75.7	62.12	0.0	0.0
2026-09-26 06:38	24.389	55.0	16.839	1007.586	0.098	0.501	194.0	0.0	18.52	0.0	0.0	75.9	62.31	0.22	1.12
2026-09-26 06:39	24.389	55.0	16.839	1007.586	0.0	0.0	195.0	0.0	19.68	0.0	0.0	75.9	62.31	0.0	0.0
2026-09-26 06:40	24.389	55.0	16.839	1007.79	0.0	0.0	199.0	0.0	20.99	0.0	0.0	75.9	62.31	0.0	0.0
2026-09-26 06:41	24.389	55.0	16.839	1007.688	0.501	0.501	199.0	0.0	22.5	0.0	0.0	75.9	62.31	1.12	1.12
2026-09-26 06:42	24.389	55.0	16.839	1007.891	0.8	1.001	201.0	0.0	23.97	0.0	0.0	75.9	62.31	1.79	2.24
2026-09-26 06:43	24.389	55.0	16.839	1007.688	0.501	0.501	195.0	0.0	24.84	0.0	0.0	75.9	62.31	1.12	1.12
2026-09-26 06:44	24.389	55.0	16.839	1007.586	0.8	1.502	248.0	0.0	26.84	0.0	0.0	75.9	62.31	1.79	3.36
2026-09-26 06:45	24.389	55.0	16.839	1007.79	0.398	0.501	195.0	0.0	27.73	0.0	0.0	75.9	62.31	0.89	1.12
2026-09-26 06:46	24.389	55.0	16.839	1007.79	0.8	1.502	218.0	0.0	28.83	0.0	0.0	75.9	62.31	1.79	3.36
2026-09-26 06:47	24.389	55.0	16.839	1007.485	0.702	1.001	195.0	0.0	29.83	0.0	0.0	75.9	62.31	1.57	2.24
2026-09-26 06:48	24.389	55.0	16.839	1007.586	0.599	1.001	195.0	0.0	30.99	0.0	0.0	75.9	62.31	1.34	2.24
2026-09-26 06:49	24.389	55.0	16.839	1007.586	0.599	1.001	195.0	0.0	32.07	0.0	0.0	75.9	62.31	1.34	2.24
2026-09-26 06:50	24.389	55.0	16.839	1007.688	0.501	0.501	196.0	0.0	33.01	0.0	0.0	75.9	62.31	1.12	1.12
2026-09-26 06:51	24.389	55.0	16.839	1007.79	0.3	0.501	190.0	0.0	33.32	0.0	0.0	75.9	62.31	0.67	1.12
2026-09-26 06:52	24.389	55.0	16.839	1007.688	0.501	0.501	196.0	0.0	32.34	0.0	0.0	75.9	62.31	1.12	1.12
2026-09-26 06:53	24.389	55.0	16.839	1007.79	0.398	0.501	210.0	0.0	33.17	0.0	0.0	75.9	62.31	0.89	1.12
2026-09-26 06:54	24.389	55.0	16.839	1007.688	0.8	1.001	205.0	0.0	33.98	0.0	0.0	75.9	62.31	1.79	2.24
2026-09-26 06:55	24.389	55.0	16.839	1007.79	0.201	0.501	197.0	0.0	33.39	0.0	0.0	75.9	62.31	0.45	1.12
2026-09-26 06:56	24.389	55.0	16.839	1007.79	0.201	0.501	197.0	0.0	33.39	0.0	0.0	75.9	62.31	0.45	1.12
2026-09-26 06:57	24.389	55.0	16.839	1007.891	0.0	0.0	192.0	0.0	34.25	0.0	0.0	75.9	62.31	0.0	0.0
2026-09-26 06:58	24.389	55.0	16.839	1007.993	0.0	0.0	194.0	0.0	38.86	0.0	0.0	75.9	62.31	0.0	0.0
2026-09-26 06:59	24.389	55.0	16.839	1007.993	0.0	0.0	193.0	0.0	40.48	0.0	0.0	75.9	62.31	0.0	0.0
2026-09-26 07:00	24.389	55.0	16.839	1007.891	0.398	0.501	194.0	0.0	39.57	0.0	0.0	75.9	62.31	0.89	1.12
2026-09-26 07:01	24.278	55.0	16.733	1007.993	0.599	1.001	199.0	0.0	40.84	0.0	0.0	75.7	62.12	1.34	2.24
2026-09-26 07:02	24.389	55.0	16.839	1008.094	0.0	0.0	195.0	0.0	39.27	0.0	0.0	75.9	62.31	0.0	0.0
2026-09-26 07:03	24.389	55.0	16.839	1008.094	0.599	1.001	196.0	0.0	39.16	0.0	0.0	75.9	62.31	1.34	2.24
2026-09-26 07:04	24.389	55.0	16.839	1008.094	0.398	0.501	194.0	0.0	38.14	0.0	0.0	75.9	62.31	0.89	1.12
2026-09-26 07:05	24.389	55.0	16.839	1008.196	0.3	0.501	196.0	0.0	38.07	0.0	0.0	75.9	62.31	0.67	1.12
2026-09-26 07:06	24.389	55.0	16.839	1008.196	0.398	0.501	194.0	0.0	37.13	0.0	0.0	75.9	62.31	0.89	1.12
2026-09-26 07:07	24.389	55.0	16.839	1008.094	0.098	0.501	192.0	0.0	36.63	0.0	0.0	75.9	62.31	0.22	1.12
2026-09-26 07:08	24.389	55.0	16.839	1008.094	0.3	0.501	192.0	0.0	36.3	0.0	0.0	75.9	62.31	0.67	1.12
2026-09-26 07:09	24.389	55.0	16.839	1008.094	0.3	0.501	193.0	0.0	35.9	0.0	0.0	75.9	62.31	0.67	1.12
2026-09-26 07:10	24.389	55.0	16.839	1008.094	0.098	0.501	193.0	0.0	36.31	0.0	0.0	75.9	62.31	0.22	1.12
2026-09-26 07:11	24.389	55.0	16.839	1008.094	0.599	1.001	206.0	0.0	52.94	0.0	0.0	75.9	62.31	1.34	2.24
2026-09-26 07:12	24.389	56.0	17.056	1008.196	0.398	0.501	194.0	0.0	36.81	0.0	0.0	75.9	62.7	0.89	1.12
2026-09-26 07:13	24.5	56.0	17.156	1007.993	0.098	0.501	193.0	0.0	36.75	0.0	0.0	76.1	62.88	0.22	1.12
2026-09-26 07:14	24.389	56.0	17.056	1007.993	0.098	0.501	192.0	0.0	36.8	0.0	0.0	75.9	62.7	0.22	1.12
2026-09-26 07:15	24.5	56.0	17.156	1008.196	0.501	0.501	199.0	0.0	37.8	0.0	0.0	76.1	62.88	1.12	1.12
2026-09-26 07:16	24.5	56.0	17.156	1008.094	0.0	0.0	196.0	0.0	37.47	0.0	0.0	76.1	62.88	0.0	0.0
2026-09-26 07:17	24.5	56.0	17.156	1008.298	0.0	0.0	188.0	0.0	37.28	0.0	0.0	76.1	62.88	0.0	0.0
2026-09-26 07:18	24.611	56.0	17.261	1008.094	0.0	0.0	189.0	0.0	37.55	0.0	0.0	76.3	63.07	0.0	0.0
2026-09-26 07:19	24.611	56.0	17.261	1008.196	0.098	0.501	194.0	0.0	37.93	0.0	0.0	76.3	63.07	0.22	1.12
2026-09-26 07:20	24.611	56.0	17.261	1008.094	0.501	0.501	194.0	0.0	38.15	0.0	0.0	76.3	63.07	1.12	1.12
2026-09-26 07:21	24.611	56.0	17.261	1008.298	0.398	0.501	198.0	0.0	38.64	0.0	0.0	76.3	63.07	0.89	1.12
2026-09-26 07:22	24.722	56.0	17.361	1008.196	0.0	0.0	194.0	0.0	38.83	0.0	0.0	76.5	63.25	0.0	0.0
2026-09-26 07:23	24.722	56.0	17.361	1008.196	0.098	0.501	194.0	0.0	39.19	0.0	0.0	76.5	63.25	0.22	1.12
2026-09-26 07:24	24.722	56.0	17.361	1008.196	0.098	0.501	197.0	0.0	39.47	0.0	0.0	76.5	63.25	0.22	1.12
2026-09-26 07:25	24.778	56.0	17.411	1008.094	0.398	0.501	199.0	0.0	39.9	0.0	0.0	76.6	63.34	0.89	1.12
2026-09-26 07:26	24.778	55.0	17.194	1008.196	0.3	0.501	195.0	0.0	40.05	0.0	0.0	76.6	62.95	0.67	1.12
2026-09-26 07:27	24.889	55.0	17.294	1008.094	0.098	0.501	183.0	0.0	40.08	0.0	0.0	76.8	63.13	0.22	1.12
2026-09-26 07:28	24.889	55.0	17.294	1008.399	0.3	0.501	198.0	0.0	40.43	0.0	0.0	76.8	63.13	0.67	1.12
2026-09-26 07:29	25.0	55.0	17.4	1008.399	0.0	0.0	198.0	0.0	40.69	0.0	0.0	77.0	63.32	0.0	0.0
2026-09-26 07:30	25.0	55.0	17.4	1008.501	0.0	0.0	198.0	0.0	41.13	0.0	0.0	77.0	63.32	0.0	0.0
2026-09-26 07:31	25.0	55.0	17.4	1008.298	0.0	0.0	181.0	0.0	41.21	0.0	0.0	77.0	63.32	0.0	0.0
2026-09-26 07:32	25.111	55.0	17.5	1008.399	0.098	0.501	186.0	0.0	41.43	0.0	0.0	77.2	63.5	0.22	1.12
2026-09-26 07:33	25.222	55.0	17.6	1008.399	0.0	0.0	190.0	0.0	41.72	0.0	0.0	77.4	63.68	0.0	0.0
2026-09-26 07:34	25.222	55.0	17.6	1008.399	0.0	0.0	190.0	0.0	41.55	0.0	0.0	77.4	63.68	0.0	0.0
2026-09-26 07:35	25.278	55.0	17.65	1008.501	0.098	0.501	186.0	0.0	41.27	0.0	0.0	77.5	63.77	0.22	1.12
2026-09-26 07:36	25.389	55.0	17.756	1008.399	0.0	0.0	189.0	0.0	40.93	0.0	0.0	77.7	63.96	0.0	0.0
2026-09-26 07:37	25.389	55.0	17.756	1008.501	0.098	0.501	189.0	0.0	40.02	0.0	0.0	77.7	63.96	0.22	1.12
2026-09-26 07:38	25.5	55.0	17.856	1008.298	0.098	0.501	191.0	0.0	39.73	0.0	0.0	77.9	64.14	0.22	1.12
2026-09-26 07:39	25.611	55.0	17.956	1008.399	0.501	0.501	197.0	0.0	39.55	0.0	0.0	78.1	64.32	1.12	1.12
2026-09-26 07:40	25.722	55.0	18.061	1008.501	0.0	0.0	196.0	0.0	39.93	0.0	0.0	78.3	64.51	0.0	0.0
2026-09-26 07:41	25.778	54.0	17.883	1008.399	0.0	0.0	196.0	0.0	40.92	0.0	0.0	78.4	64.19	0.0	0.0
2026-09-26 07:42	25.778	54.0	17.883	1008.602	0.3	0.501	202.0	0.0	41.53	0.0	0.0	78.4	64.19	0.67	1.12
2026-09-26 07:43	25.889	54.0	17.989	1008.602	0.201	0.501	202.0	0.0	42.04	0.0	0.0	78.6	64.38	0.45	1.12
2026-09-26 07:44	25.889	54.0	17.989	1008.399	0.098	0.501	202.0	0.0	42.38	0.0	0.0	78.6	64.38	0.22	1.12
2026-09-26 07:45	26.0	54.0	18.089	1008.704	0.0	0.0	202.0	0.0	42.98	0.0	0.0	78.8	64.56	0.0	0.0
2026-09-26 07:46	26.111	54.0	18.189	1008.602	0.098	0.501	202.0	0.0	43.28	0.0	0.0	79.0	64.74	0.22	1.12
2026-09-26 07:47	26.111	54.0	18.189	1008.602	0.098	0.501	202.0	0.0	43.99	0.0	0.0	79.0	64.74	0.22	1.12
2026-09-26 07:48	26.222	54.0	18.289	1008.704	0.0	0.0	202.0	0.0	44.36	0.0	0.0	79.2	64.92	0.0	0.0
2026-09-26 07:49	26.222	54.0	18.289	1008.501	0.0	0.0	202.0	0.0	44.57	0.0	0.0	79.2	64.92	0.0	0.0
2026-09-26 07:50	26.278	54.0	18.344	1008.704	0.0	0.0	202.0	0.0	44.74	0.0	0.0	79.3	65.02	0.0	0.0
2026-09-26 07:51	26.389	54.0	18.444	1008.704	0.0	0.0	202.0	0.0	44.92	0.0	0.0	79.5	65.2	0.0	0.0
2026-09-26 07:52	26.389	53.0	18.211	1008.602	0.0	0.0	202.0	0.0	45.22	0.0	0.0	79.5	64.78	0.0	0.0
2026-09-26 07:53	26.5	54.0	18.544	1008.501	0.0	0.0	202.0	0.0	45.41	0.0	0.0	79.7	65.38	0.0	0.0
2026-09-26 07:54	26.611	54.0	18.644	1008.704	0.0	0.0	202.0	0.0	45.64	0.0	0.0	79.9	65.56	0.0	0.0
2026-09-26 07:55	26.611	54.0	18.644	1008.602	0.0	0.0	186.0	0.0	45.46	0.0	0.0	79.9	65.56	0.0	0.0
2026-09-26 07:56	26.722	53.0	18.517	1008.501	0.0	0.0	186.0	0.0	45.64	0.0	0.0	80.1	65.33	0.0	0.0
2026-09-26 07:57	26.722	53.0	18.517	1008.501	0.0	0.0	186.0	0.0	45.64	0.0	0.0	80.1	65.33	0.0	0.0
2026-09-26 07:58	26.778	53.0	18.567	1008.602	0.0	0.0	186.0	0.0	45.79	0.0	0.0	80.2	65.42	0.0	0.0
2026-09-26 07:59	26.889	54.0	18.9	1008.704	0.0	0.0	186.0	0.0	46.0	0.0	0.0	80.4	66.02	0.0	0.0
2026-09-26 08:00	27.0	53.0	18.772	1008.806	0.3	0.501	182.0	0.0	46.16	0.0	0.0	80.6	65.79	0.67	1.12
2026-09-26 08:01	27.0	53.0	18.772	1008.602	0.0	0.0	186.0	0.0	46.6	0.0	0.0	80.6	65.79	0.0	0.0
2026-09-26 08:02	27.111	53.0	18.872	1008.704	0.0	0.0	185.0	0.0	46.99	0.0	0.0	80.8	65.97	0.0	0.0
2026-09-26 08:03	27.222	53.0	18.972	1008.704	0.0	0.0	186.0	0.0	47.73	0.0	0.0	81.0	66.15	0.0	0.0
2026-09-26 08:04	27.278	52.0	18.789	1008.704	0.0	0.0	186.0	0.0	48.71	0.0	0.0	81.1	65.82	0.0	0.0
2026-09-26 08:05	27.389	52.0	18.889	1008.806	0.0	0.0	186.0	0.0	51.03	0.0	0.0	81.3	66.0	0.0	0.0
2026-09-26 08:06	27.389	52.0	18.889	1008.806	0.098	0.501	185.0	0.0	52.34	0.0	0.0	81.3	66.0	0.22	1.12
2026-09-26 08:07	27.5	52.0	18.989	1008.806	0.098	0.501	179.0	0.0	49.31	0.0	0.0	81.5	66.18	0.22	1.12
2026-09-26 08:08	27.611	52.0	19.089	1008.907	0.0	0.0	185.0	0.0	61.91	0.0	0.0	81.7	66.36	0.0	0.0
2026-09-26 08:09	27.722	52.0	19.189	1008.704	0.0	0.0	189.0	1.0	127.8	0.0	0.0	81.9	66.54	0.0	0.0
2026-09-26 08:10	27.778	52.0	19.239	1008.704	0.3	0.501	196.0	2.0	232.23	0.0	0.0	82.0	66.63	0.67	1.12
2026-09-26 08:11	27.889	52.0	19.344	1008.806	0.0	0.0	190.0	2.0	221.44	0.0	0.0	82.2	66.82	0.0	0.0
2026-09-26 08:12	28.0	52.0	19.444	1008.704	0.0	0.0	191.0	2.0	238.67	0.0	0.0	82.4	67.0	0.0	0.0
2026-09-26 08:13	28.222	52.0	19.644	1008.704	0.0	0.0	192.0	2.0	244.12	0.0	0.0	82.8	67.36	0.0	0.0
2026-09-26 08:14	28.278	51.0	19.45	1008.907	0.201	0.501	220.0	2.0	252.6	0.0	0.0	82.9	67.01	0.45	1.12
2026-09-26 08:15	28.389	51.0	19.556	1008.704	0.098	0.501	190.0	2.0	255.15	0.0	0.0	83.1	67.2	0.22	1.12
2026-09-26 08:16	28.5	51.0	19.656	1009.009	0.0	0.0	190.0	2.0	258.39	0.0	0.0	83.3	67.38	0.0	0.0
2026-09-26 08:17	28.611	51.0	19.756	1008.907	0.201	0.501	163.0	0.0	56.51	0.0	0.0	83.5	67.56	0.45	1.12
2026-09-26 08:18	28.722	50.0	19.606	1009.009	1.301	1.502	187.0	2.0	267.66	0.0	0.0	83.7	67.29	2.91	3.36
2026-09-26 08:19	28.778	50.0	19.656	1009.009	0.0	0.0	189.0	2.0	270.48	0.0	0.0	83.8	67.38	0.0	0.0
2026-09-26 08:20	28.778	50.0	19.656	1009.009	0.0	0.0	190.0	2.0	273.63	0.0	0.0	83.8	67.38	0.0	0.0
2026-09-26 08:21	28.889	49.0	19.506	1008.806	0.201	0.501	187.0	2.0	278.08	0.0	0.0	84.0	67.11	0.45	1.12
2026-09-26 08:22	29.0	49.0	19.606	1009.009	0.0	0.0	187.0	2.0	281.15	0.0	0.0	84.2	67.29	0.0	0.0
2026-09-26 08:23	29.0	49.0	19.606	1008.907	0.398	0.501	166.0	0.0	58.03	0.0	0.0	84.2	67.29	0.89	1.12
2026-09-26 08:24	29.0	49.0	19.606	1009.009	0.0	0.0	189.0	2.0	287.98	0.0	0.0	84.2	67.29	0.0	0.0
2026-09-26 08:25	29.111	49.0	19.706	1009.11	0.0	0.0	188.0	2.0	291.48	0.0	0.0	84.4	67.47	0.0	0.0
2026-09-26 08:26	29.222	49.0	19.806	1009.009	0.201	0.501	202.0	2.0	295.29	0.0	0.0	84.6	67.65	0.45	1.12
2026-09-26 08:27	29.222	49.0	19.806	1009.009	0.0	0.0	187.0	2.0	298.33	0.0	0.0	84.6	67.65	0.0	0.0
2026-09-26 08:28	29.278	48.0	19.594	1009.11	0.098	0.501	192.0	2.0	302.42	0.0	0.0	84.7	67.27	0.22	1.12
2026-09-26 08:29	29.278	49.0	19.856	1009.11	0.3	0.501	186.0	2.0	305.76	0.0	0.0	84.7	67.74	0.67	1.12
2026-09-26 08:30	29.389	48.0	19.694	1009.212	0.0	0.0	197.0	3.0	309.3	0.0	0.0	84.9	67.45	0.0	0.0
2026-09-26 08:31	29.5	48.0	19.794	1009.11	0.098	0.501	199.0	3.0	313.44	0.0	0.0	85.1	67.63	0.22	1.12
2026-09-26 08:32	29.5	48.0	19.794	1009.212	0.0	0.0	191.0	3.0	317.02	0.0	0.0	85.1	67.63	0.0	0.0
2026-09-26 08:33	29.611	48.0	19.894	1009.11	0.0	0.0	193.0	3.0	320.99	0.0	0.0	85.3	67.81	0.0	0.0
2026-09-26 08:34	29.722	48.0	19.994	1009.314	0.098	0.501	181.0	3.0	323.14	0.0	0.0	85.5	67.99	0.22	1.12
2026-09-26 08:35	29.722	48.0	19.994	1009.11	0.201	0.501	150.0	0.0	88.24	0.0	0.0	85.5	67.99	0.45	1.12
2026-09-26 08:36	29.778	47.0	19.783	1009.212	0.3	0.501	184.0	3.0	331.97	0.0	0.0	85.6	67.61	0.67	1.12
2026-09-26 08:37	29.778	47.0	19.783	1009.212	0.0	0.0	186.0	3.0	336.62	0.0	0.0	85.6	67.61	0.0	0.0
2026-09-26 08:38	29.889	46.0	19.611	1009.212	0.0	0.0	187.0	3.0	338.83	0.0	0.0	85.8	67.3	0.0	0.0
2026-09-26 08:39	29.889	45.0	19.339	1009.314	0.8	1.001	164.0	3.0	342.4	0.0	0.0	85.8	66.81	1.79	2.24
2026-09-26 08:40	30.0	46.0	19.711	1009.314	0.3	0.501	152.0	3.0	320.36	0.0	0.0	86.0	67.48	0.67	1.12
2026-09-26 08:41	30.0	46.0	19.711	1009.314	0.501	0.501	152.0	3.0	334.4	0.0	0.0	86.0	67.48	1.12	1.12
2026-09-26 08:42	30.111	45.0	19.533	1009.314	0.398	0.501	184.0	3.0	353.25	0.0	0.0	86.2	67.16	0.89	1.12
2026-09-26 08:43	30.111	46.0	19.811	1009.415	0.0	0.0	196.0	3.0	356.2	0.0	0.0	86.2	67.66	0.0	0.0
2026-09-26 08:44	30.111	46.0	19.811	1009.314	0.0	0.0	191.0	3.0	359.16	0.0	0.0	86.2	67.66	0.0	0.0
2026-09-26 08:45	30.222	46.0	19.906	1009.415	0.0	0.0	186.0	3.0	361.35	0.0	0.0	86.4	67.83	0.0	0.0
2026-09-26 08:46	30.222	46.0	19.906	1009.415	0.201	0.501	175.0	3.0	365.36	0.0	0.0	86.4	67.83	0.45	1.12
2026-09-26 08:47	30.278	45.0	19.683	1009.415	0.201	0.501	151.0	3.0	367.3	0.0	0.0	86.5	67.43	0.45	1.12
2026-09-26 08:48	30.389	45.0	19.783	1009.314	1.1	1.502	131.0	0.0	75.9	0.0	0.0	86.7	67.61	2.46	3.36
2026-09-26 08:49	30.389	45.0	19.783	1009.314	0.201	0.501	185.0	3.0	377.43	0.0	0.0	86.7	67.61	0.45	1.12
2026-09-26 08:50	30.5	45.0	19.878	1009.212	0.201	0.501	191.0	3.0	379.46	0.0	0.0	86.9	67.78	0.45	1.12
2026-09-26 08:51	30.5	45.0	19.878	1009.584	0.398	0.501	185.0	3.0	383.84	0.0	0.0	86.9	67.78	0.89	1.12
2026-09-26 08:52	30.611	45.0	19.978	1009.517	0.0	0.0	189.0	3.0	386.7	0.0	0.0	87.1	67.96	0.0	0.0
2026-09-26 08:53	30.611	45.0	19.978	1009.415	0.0	0.0	189.0	3.0	390.64	0.0	0.0	87.1	67.96	0.0	0.0
2026-09-26 08:54	30.611	45.0	19.978	1009.415	0.098	0.501	187.0	3.0	394.1	0.0	0.0	87.1	67.96	0.22	1.12
2026-09-26 08:55	30.722	45.0	20.078	1009.415	0.201	0.501	188.0	3.0	396.7	0.0	0.0	87.3	68.14	0.45	1.12
2026-09-26 08:56	30.722	45.0	20.078	1009.415	0.0	0.0	192.0	3.0	399.53	0.0	0.0	87.3	68.14	0.0	0.0
2026-09-26 08:57	30.778	44.0	19.844	1009.11	0.0	0.0	190.0	3.0	403.23	0.0	0.0	87.4	67.72	0.0	0.0
2026-09-26 08:58	30.778	44.0	19.844	1009.11	0.0	0.0	190.0	3.0	403.23	0.0	0.0	87.4	67.72	0.0	0.0
2026-09-26 08:59	30.889	45.0	20.222	1009.212	0.398	0.501	173.0	3.0	407.34	0.0	0.0	87.6	68.4	0.89	1.12
2026-09-26 09:00	31.0	45.0	20.322	1009.415	0.398	0.501	186.0	4.0	411.32	0.0	0.0	87.8	68.58	0.89	1.12
2026-09-26 09:01	31.111	45.0	20.422	1009.314	0.0	0.0	183.0	4.0	414.98	0.0	0.0	88.0	68.76	0.0	0.0
2026-09-26 09:02	31.111	44.0	20.139	1009.517	0.0	0.0	186.0	4.0	417.41	0.0	0.0	88.0	68.25	0.0	0.0
2026-09-26 09:03	31.222	44.0	20.239	1009.415	0.0	0.0	188.0	4.0	421.09	0.0	0.0	88.2	68.43	0.0	0.0
2026-09-26 09:04	31.278	44.0	20.289	1009.517	0.0	0.0	189.0	4.0	424.67	0.0	0.0	88.3	68.52	0.0	0.0
2026-09-26 09:05	31.389	44.0	20.383	1009.415	0.0	0.0	190.0	4.0	428.07	0.0	0.0	88.5	68.69	0.0	0.0
2026-09-26 09:06	31.389	44.0	20.383	1009.686	0.201	0.501	187.0	4.0	432.08	0.0	0.0	88.5	68.69	0.45	1.12
2026-09-26 09:07	31.5	44.0	20.483	1009.584	0.098	0.501	189.0	4.0	435.32	0.0	0.0	88.7	68.87	0.22	1.12
2026-09-26 09:08	31.5	44.0	20.483	1009.314	0.0	0.0	198.0	4.0	437.56	0.0	0.0	88.7	68.87	0.0	0.0
2026-09-26 09:09	31.611	44.0	20.583	1009.415	0.0	0.0	200.0	4.0	441.42	0.0	0.0	88.9	69.05	0.0	0.0
2026-09-26 09:10	31.722	44.0	20.678	1009.415	0.098	0.501	183.0	4.0	444.96	0.0	0.0	89.1	69.22	0.22	1.12
2026-09-26 09:11	31.722	43.0	20.389	1009.517	0.0	0.0	186.0	4.0	448.67	0.0	0.0	89.1	68.7	0.0	0.0
2026-09-26 09:12	31.778	43.0	20.439	1009.517	0.098	0.501	185.0	4.0	452.34	0.0	0.0	89.2	68.79	0.22	1.12
2026-09-26 09:13	31.778	43.0	20.439	1009.415	0.201	0.501	189.0	4.0	455.07	0.0	0.0	89.2	68.79	0.45	1.12
2026-09-26 09:14	31.889	43.0	20.533	1009.517	0.098	0.501	190.0	4.0	458.6	0.0	0.0	89.4	68.96	0.22	1.12
2026-09-26 09:15	32.0	43.0	20.633	1009.517	0.0	0.0	195.0	4.0	461.44	0.0	0.0	89.6	69.14	0.0	0.0
2026-09-26 09:16	32.0	43.0	20.633	1009.517	0.501	0.501	218.0	4.0	465.81	0.0	0.0	89.6	69.14	1.12	1.12
2026-09-26 09:17	32.111	43.0	20.733	1009.584	0.398	0.501	196.0	4.0	469.19	0.0	0.0	89.8	69.32	0.89	1.12
2026-09-26 09:18	32.111	43.0	20.733	1009.584	0.098	0.501	189.0	4.0	472.58	0.0	0.0	89.8	69.32	0.22	1.12
2026-09-26 09:19	32.222	43.0	20.828	1009.584	0.0	0.0	191.0	4.0	476.68	0.0	0.0	90.0	69.49	0.0	0.0
2026-09-26 09:20	32.222	42.0	20.533	1009.415	0.599	1.001	180.0	4.0	479.79	0.0	0.0	90.0	68.96	1.34	2.24
2026-09-26 09:21	32.278	42.0	20.578	1009.517	0.398	0.501	189.0	4.0	483.5	0.0	0.0	90.1	69.04	0.89	1.12
2026-09-26 09:22	32.278	41.0	20.278	1009.415	0.098	0.501	193.0	4.0	486.42	0.0	0.0	90.1	68.5	0.22	1.12
2026-09-26 09:23	32.278	42.0	20.578	1009.584	1.301	1.502	163.0	4.0	489.97	0.0	0.0	90.1	69.04	2.91	3.36
2026-09-26 09:24	32.389	41.0	20.372	1009.584	0.8	1.001	194.0	4.0	493.22	0.0	0.0	90.3	68.67	1.79	2.24
2026-09-26 09:25	32.389	41.0	20.372	1009.584	0.098	0.501	185.0	4.0	496.13	0.0	0.0	90.3	68.67	0.22	1.12
2026-09-26 09:26	32.389	42.0	20.678	1009.584	0.398	0.501	194.0	4.0	499.38	0.0	0.0	90.3	69.22	0.89	1.12
2026-09-26 09:27	32.389	41.0	20.372	1009.584	0.0	0.0	194.0	4.0	502.25	0.0	0.0	90.3	68.67	0.0	0.0
2026-09-26 09:28	32.5	42.0	20.778	1009.517	0.3	0.501	196.0	4.0	505.38	0.0	0.0	90.5	69.4	0.67	1.12
2026-09-26 09:29	32.5	42.0	20.778	1009.686	0.398	0.501	164.0	4.0	507.29	0.0	0.0	90.5	69.4	0.89	1.12
2026-09-26 09:30	32.611	42.0	20.872	1009.584	0.0	0.0	198.0	4.0	510.62	0.0	0.0	90.7	69.57	0.0	0.0
2026-09-26 09:31	32.611	41.0	20.567	1009.686	0.098	0.501	192.0	5.0	513.51	0.0	0.0	90.7	69.02	0.22	1.12
2026-09-26 09:32	32.722	41.0	20.667	1009.415	0.599	1.001	190.0	5.0	517.9	0.0	0.0	90.9	69.2	1.34	2.24
2026-09-26 09:33	32.722	40.0	20.356	1009.584	1.001	1.502	118.0	3.0	408.28	0.0	0.0	90.9	68.64	2.24	3.36
2026-09-26 09:34	32.778	40.0	20.4	1009.415	0.8	1.001	187.0	5.0	525.98	0.0	0.0	91.0	68.72	1.79	2.24
2026-09-26 09:35	32.778	40.0	20.4	1009.584	1.1	1.998	150.0	5.0	529.38	0.0	0.0	91.0	68.72	2.46	4.47
2026-09-26 09:36	32.778	40.0	20.4	1009.584	0.398	0.501	153.0	5.0	530.37	0.0	0.0	91.0	68.72	0.89	1.12
2026-09-26 09:37	32.778	40.0	20.4	1009.584	0.3	0.501	190.0	5.0	533.98	0.0	0.0	91.0	68.72	0.67	1.12
2026-09-26 09:38	32.778	40.0	20.4	1009.584	0.201	1.001	158.0	5.0	534.89	0.0	0.0	91.0	68.72	0.45	2.24
2026-09-26 09:39	32.778	40.0	20.4	1009.584	1.1	1.998	145.0	5.0	535.37	0.0	0.0	91.0	68.72	2.46	4.47
2026-09-26 09:40	32.778	40.0	20.4	1009.517	0.398	0.501	200.0	5.0	543.23	0.0	0.0	91.0	68.72	0.89	1.12
2026-09-26 09:41	32.778	40.0	20.4	1009.517	0.201	0.501	190.0	5.0	547.0	0.0	0.0	91.0	68.72	0.45	1.12
2026-09-26 09:42	32.778	40.0	20.4	1009.584	0.098	0.501	198.0	5.0	548.5	0.0	0.0	91.0	68.72	0.22	1.12
2026-09-26 09:43	32.778	40.0	20.4	1009.686	0.398	0.501	170.0	5.0	552.7	0.0	0.0	91.0	68.72	0.89	1.12
2026-09-26 09:44	32.778	40.0	20.4	1009.517	0.398	1.001	154.0	5.0	556.46	0.0	0.0	91.0	68.72	0.89	2.24
2026-09-26 09:45	32.778	40.0	20.4	1009.517	0.098	0.501	187.0	5.0	559.68	0.0	0.0	91.0	68.72	0.22	1.12
2026-09-26 09:46	32.889	40.0	20.5	1009.517	0.0	0.0	192.0	5.0	558.96	0.0	0.0	91.2	68.9	0.0	0.0
2026-09-26 09:47	32.778	40.0	20.4	1009.517	0.0	0.0	193.0	5.0	565.41	0.0	0.0	91.0	68.72	0.0	0.0
2026-09-26 09:48	32.889	41.0	20.811	1009.584	0.0	0.0	194.0	5.0	568.33	0.0	0.0	91.2	69.46	0.0	0.0
2026-09-26 09:49	32.889	41.0	20.811	1009.415	0.201	0.501	191.0	5.0	572.68	0.0	0.0	91.2	69.46	0.45	1.12
2026-09-26 09:50	32.889	40.0	20.5	1009.517	0.201	0.501	189.0	5.0	575.57	0.0	0.0	91.2	68.9	0.45	1.12
2026-09-26 09:51	33.0	40.0	20.594	1009.517	0.398	0.501	221.0	5.0	578.15	0.0	0.0	91.4	69.07	0.89	1.12
2026-09-26 09:52	33.0	40.0	20.594	1009.584	0.398	0.501	208.0	5.0	581.4	0.0	0.0	91.4	69.07	0.89	1.12
2026-09-26 09:53	33.0	40.0	20.594	1009.517	0.0	0.0	200.0	5.0	584.25	0.0	0.0	91.4	69.07	0.0	0.0
2026-09-26 09:54	33.111	40.0	20.694	1009.415	0.0	0.0	197.0	5.0	586.68	0.0	0.0	91.6	69.25	0.0	0.0
2026-09-26 09:55	33.222	40.0	20.789	1009.517	0.0	0.0	192.0	5.0	590.8	0.0	0.0	91.8	69.42	0.0	0.0
2026-09-26 09:56	33.222	40.0	20.789	1009.517	0.0	0.0	196.0	5.0	592.78	0.0	0.0	91.8	69.42	0.0	0.0
2026-09-26 09:57	33.278	40.0	20.839	1009.517	0.398	1.001	160.0	5.0	598.38	0.0	0.0	91.9	69.51	0.89	2.24
2026-09-26 09:58	33.278	39.0	20.517	1009.517	1.301	1.998	158.0	5.0	602.6	0.0	0.0	91.9	68.93	2.91	4.47
2026-09-26 09:59	33.278	39.0	20.517	1009.517	1.301	1.998	158.0	5.0	602.6	0.0	0.0	91.9	68.93	2.91	4.47
2026-09-26 10:00	33.278	38.0	20.189	1009.517	0.8	1.001	183.0	5.0	605.89	0.0	0.0	91.9	68.34	1.79	2.24
2026-09-26 10:01	33.222	39.0	20.467	1009.415	0.0	0.0	199.0	5.0	609.04	0.0	0.0	91.8	68.84	0.0	0.0
2026-09-26 10:02	33.222	39.0	20.467	1009.517	0.501	0.501	197.0	5.0	612.08	0.0	0.0	91.8	68.84	1.12	1.12
2026-09-26 10:03	33.278	40.0	20.839	1009.584	0.398	0.501	220.0	5.0	615.37	0.0	0.0	91.9	69.51	0.89	1.12
2026-09-26 10:04	33.278	40.0	20.839	1009.415	0.0	0.0	192.0	6.0	620.08	0.0	0.0	91.9	69.51	0.0	0.0
2026-09-26 10:05	33.278	40.0	20.839	1009.584	0.3	0.501	187.0	6.0	622.97	0.0	0.0	91.9	69.51	0.67	1.12
2026-09-26 10:06	33.389	40.0	20.933	1009.415	0.201	0.501	203.0	6.0	626.13	0.0	0.0	92.1	69.68	0.45	1.12
2026-09-26 10:07	33.389	40.0	20.933	1009.517	0.3	0.501	200.0	6.0	627.47	0.0	0.0	92.1	69.68	0.67	1.12
2026-09-26 10:08	33.5	40.0	21.033	1009.314	0.098	0.501	203.0	5.0	570.66	0.0	0.0	92.3	69.86	0.22	1.12
2026-09-26 10:09	33.611	40.0	21.128	1009.584	0.098	0.501	152.0	5.0	609.45	0.0	0.0	92.5	70.03	0.22	1.12
2026-09-26 10:10	33.722	40.0	21.222	1009.415	0.098	0.501	169.0	6.0	627.65	0.0	0.0	92.7	70.2	0.22	1.12
2026-09-26 10:11	33.778	38.0	20.622	1009.415	0.8	1.001	124.0	6.0	622.68	0.0	0.0	92.8	69.12	1.79	2.24
2026-09-26 10:12	33.778	38.0	20.622	1009.415	0.899	1.001	192.0	5.0	607.73	0.0	0.0	92.8	69.12	2.01	2.24
2026-09-26 10:13	33.889	38.0	20.717	1009.415	0.599	1.001	180.0	5.0	548.15	0.0	0.0	93.0	69.29	1.34	2.24
2026-09-26 10:14	33.889	38.0	20.717	1009.415	0.0	0.0	176.0	4.0	413.85	0.0	0.0	93.0	69.29	0.0	0.0
2026-09-26 10:15	33.889	39.0	21.044	1009.314	0.0	0.0	186.0	6.0	647.78	0.0	0.0	93.0	69.88	0.0	0.0
2026-09-26 10:16	33.889	39.0	21.044	1009.212	0.098	0.501	195.0	6.0	647.55	0.0	0.0	93.0	69.88	0.22	1.12
2026-09-26 10:17	33.889	39.0	21.044	1009.517	0.8	1.502	209.0	6.0	649.08	0.0	0.0	93.0	69.88	1.79	3.36
2026-09-26 10:18	34.0	39.0	21.144	1009.517	0.3	0.501	198.0	6.0	649.22	0.0	0.0	93.2	70.06	0.67	1.12
2026-09-26 10:19	34.0	39.0	21.144	1009.212	1.1	1.998	89.0	6.0	652.72	0.0	0.0	93.2	70.06	2.46	4.47
2026-09-26 10:20	34.0	37.0	20.478	1009.415	1.301	1.502	158.0	6.0	655.56	0.0	0.0	93.2	68.86	2.91	3.36
2026-09-26 10:21	34.0	38.0	20.817	1009.314	0.398	0.501	187.0	6.0	657.77	0.0	0.0	93.2	69.47	0.89	1.12
2026-09-26 10:22	34.111	37.0	20.572	1009.415	0.398	1.001	205.0	6.0	660.68	0.0	0.0	93.4	69.03	0.89	2.24
2026-09-26 10:23	34.111	38.0	20.911	1009.415	1.1	1.502	329.0	6.0	662.64	0.0	0.0	93.4	69.64	2.46	3.36
2026-09-26 10:24	34.111	38.0	20.911	1009.517	0.0	0.0	205.0	6.0	662.61	0.0	0.0	93.4	69.64	0.0	0.0
2026-09-26 10:25	34.111	38.0	20.911	1009.212	0.0	0.0	189.0	6.0	663.24	0.0	0.0	93.4	69.64	0.0	0.0
2026-09-26 10:26	34.222	38.0	21.006	1009.415	0.899	1.502	166.0	6.0	670.69	0.0	0.0	93.6	69.81	2.01	3.36
2026-09-26 10:27	34.222	37.0	20.667	1009.11	0.599	1.001	189.0	6.0	662.9	0.0	0.0	93.6	69.2	1.34	2.24
2026-09-26 10:28	34.222	37.0	20.667	1009.212	1.001	1.502	144.0	6.0	676.09	0.0	0.0	93.6	69.2	2.24	3.36
2026-09-26 10:29	34.222	36.0	20.322	1009.11	0.8	1.001	150.0	6.0	677.81	0.0	0.0	93.6	68.58	1.79	2.24
2026-09-26 10:30	34.222	37.0	20.667	1009.314	0.599	1.001	196.0	6.0	682.1	0.0	0.0	93.6	69.2	1.34	2.24
2026-09-26 10:31	34.222	38.0	21.006	1009.314	0.0	0.0	194.0	6.0	685.6	0.0	0.0	93.6	69.81	0.0	0.0
2026-09-26 10:32	34.278	37.0	20.717	1009.212	0.098	0.501	180.0	6.0	689.01	0.0	0.0	93.7	69.29	0.22	1.12
2026-09-26 10:33	34.278	38.0	21.056	1009.212	0.8	1.001	164.0	6.0	681.93	0.0	0.0	93.7	69.9	1.79	2.24
2026-09-26 10:34	34.389	38.0	21.15	1009.212	0.3	0.501	143.0	6.0	660.84	0.0	0.0	93.9	70.07	0.67	1.12
2026-09-26 10:35	34.389	37.0	20.811	1009.212	1.699	2.602	100.0	6.0	651.07	0.0	0.0	93.9	69.46	3.8	5.82
2026-09-26 10:36	34.389	36.0	20.467	1009.212	0.398	1.001	160.0	6.0	676.38	0.0	0.0	93.9	68.84	0.89	2.24
2026-09-26 10:37	34.389	36.0	20.467	1009.314	1.6	1.998	160.0	5.0	593.13	0.0	0.0	93.9	68.84	3.58	4.47
2026-09-26 10:38	34.389	36.0	20.467	1009.11	0.501	0.501	189.0	5.0	557.02	0.0	0.0	93.9	68.84	1.12	1.12
2026-09-26 10:39	34.389	37.0	20.811	1009.009	0.501	0.501	178.0	6.0	642.8	0.0	0.0	93.9	69.46	1.12	1.12
2026-09-26 10:40	34.278	36.0	20.372	1009.11	0.8	1.001	174.0	6.0	659.93	0.0	0.0	93.7	68.67	1.79	2.24
2026-09-26 10:41	34.389	37.0	20.811	1009.212	0.702	1.001	216.0	6.0	674.16	0.0	0.0	93.9	69.46	1.57	2.24
2026-09-26 10:42	34.389	37.0	20.811	1009.212	0.8	1.001	193.0	6.0	685.08	0.0	0.0	93.9	69.46	1.79	2.24
2026-09-26 10:43	34.389	37.0	20.811	1009.212	0.3	0.501	172.0	6.0	681.06	0.0	0.0	93.9	69.46	0.67	1.12
2026-09-26 10:44	34.389	37.0	20.811	1009.11	0.3	0.501	198.0	6.0	709.83	0.0	0.0	93.9	69.46	0.67	1.12
2026-09-26 10:45	34.389	37.0	20.811	1009.11	0.098	0.501	198.0	6.0	715.06	0.0	0.0	93.9	69.46	0.22	1.12
2026-09-26 10:46	34.5	37.0	20.906	1009.212	0.0	0.0	191.0	6.0	716.87	0.0	0.0	94.1	69.63	0.0	0.0
2026-09-26 10:47	34.5	37.0	20.906	1009.314	0.201	0.501	193.0	7.0	718.35	0.0	0.0	94.1	69.63	0.45	1.12
2026-09-26 10:48	34.611	37.0	21.0	1009.11	0.3	0.501	194.0	7.0	719.89	0.0	0.0	94.3	69.8	0.67	1.12
2026-09-26 10:49	34.722	37.0	21.1	1009.212	1.301	1.998	195.0	7.0	723.11	0.0	0.0	94.5	69.98	2.91	4.47
2026-09-26 10:50	34.722	36.0	20.75	1009.11	0.098	0.501	195.0	7.0	723.58	0.0	0.0	94.5	69.35	0.22	1.12
2026-09-26 10:51	34.778	36.0	20.8	1009.11	0.501	0.501	220.0	7.0	724.1	0.0	0.0	94.6	69.44	1.12	1.12
2026-09-26 10:52	34.778	37.0	21.144	1009.009	0.3	0.501	204.0	7.0	726.92	0.0	0.0	94.6	70.06	0.67	1.12
2026-09-26 10:53	34.778	37.0	21.144	1009.212	0.0	0.0	201.0	7.0	727.74	0.0	0.0	94.6	70.06	0.0	0.0
2026-09-26 10:54	34.889	37.0	21.239	1009.11	0.0	0.0	200.0	7.0	729.03	0.0	0.0	94.8	70.23	0.0	0.0
2026-09-26 10:55	35.0	37.0	21.339	1009.11	0.899	1.502	179.0	7.0	731.69	0.0	0.0	95.0	70.41	2.01	3.36
2026-09-26 10:56	35.0	36.0	20.989	1009.212	0.098	0.501	179.0	7.0	733.96	0.0	0.0	95.0	69.78	0.22	1.12
2026-09-26 10:57	35.111	37.0	21.433	1009.11	0.8	1.001	161.0	7.0	736.45	0.0	0.0	95.2	70.58	1.79	2.24
2026-09-26 10:58	35.111	36.0	21.083	1008.907	0.599	1.001	189.0	7.0	739.03	0.0	0.0	95.2	69.95	1.34	2.24
2026-09-26 10:59	35.222	36.0	21.178	1009.009	0.3	0.501	196.0	7.0	738.95	0.0	0.0	95.4	70.12	0.67	1.12
2026-09-26 11:00	35.222	36.0	21.178	1009.009	0.3	0.501	196.0	7.0	738.95	0.0	0.0	95.4	70.12	0.67	1.12
2026-09-26 11:01	35.278	37.0	21.578	1009.11	0.398	1.001	169.0	7.0	741.14	0.0	0.0	95.5	70.84	0.89	2.24
2026-09-26 11:02	35.278	36.0	21.228	1009.11	0.398	1.001	162.0	7.0	742.3	0.0	0.0	95.5	70.21	0.89	2.24
2026-09-26 11:03	35.389	36.0	21.322	1009.009	0.0	0.0	193.0	7.0	743.65	0.0	0.0	95.7	70.38	0.0	0.0
2026-09-26 11:04	35.389	36.0	21.322	1009.212	0.098	0.501	203.0	7.0	744.59	0.0	0.0	95.7	70.38	0.22	1.12
2026-09-26 11:05	35.5	36.0	21.417	1009.009	0.8	1.502	171.0	7.0	744.13	0.0	0.0	95.9	70.55	1.79	3.36
2026-09-26 11:06	35.611	36.0	21.511	1009.009	0.501	1.001	165.0	7.0	751.66	0.0	0.0	96.1	70.72	1.12	2.24
2026-09-26 11:07	35.611	35.0	21.15	1008.907	0.398	0.501	200.0	7.0	752.11	0.0	0.0	96.1	70.07	0.89	1.12
2026-09-26 11:08	35.611	36.0	21.511	1009.11	0.0	0.0	193.0	7.0	753.99	0.0	0.0	96.1	70.72	0.0	0.0
2026-09-26 11:09	35.722	36.0	21.606	1009.009	0.899	1.502	128.0	7.0	755.43	0.0	0.0	96.3	70.89	2.01	3.36
2026-09-26 11:10	35.722	35.0	21.25	1009.11	0.3	1.001	193.0	7.0	757.18	0.0	0.0	96.3	70.25	0.67	2.24
2026-09-26 11:11	35.722	34.0	20.878	1009.11	0.098	0.501	185.0	7.0	758.73	0.0	0.0	96.3	69.58	0.22	1.12
2026-09-26 11:12	35.722	35.0	21.25	1009.009	0.0	0.0	199.0	7.0	759.88	0.0	0.0	96.3	70.25	0.0	0.0
2026-09-26 11:13	35.722	35.0	21.25	1009.009	0.0	0.0	206.0	7.0	761.29	0.0	0.0	96.3	70.25	0.0	0.0
2026-09-26 11:14	35.722	35.0	21.25	1009.009	0.098	0.501	176.0	7.0	762.83	0.0	0.0	96.3	70.25	0.22	1.12
2026-09-26 11:15	35.722	35.0	21.25	1008.907	0.501	0.501	177.0	7.0	764.64	0.0	0.0	96.3	70.25	1.12	1.12
2026-09-26 11:16	35.722	35.0	21.25	1008.907	0.201	0.501	197.0	7.0	766.79	0.0	0.0	96.3	70.25	0.45	1.12
2026-09-26 11:17	35.722	35.0	21.25	1008.806	0.3	1.001	172.0	7.0	768.11	0.0	0.0	96.3	70.25	0.67	2.24
2026-09-26 11:18	35.778	36.0	21.656	1008.907	0.0	0.0	193.0	7.0	769.7	0.0	0.0	96.4	70.98	0.0	0.0
2026-09-26 11:19	35.778	36.0	21.656	1008.806	0.398	0.501	192.0	7.0	771.11	0.0	0.0	96.4	70.98	0.89	1.12
2026-09-26 11:20	35.889	35.0	21.389	1008.907	0.702	1.001	174.0	7.0	771.78	0.0	0.0	96.6	70.5	1.57	2.24
2026-09-26 11:21	35.889	35.0	21.389	1008.806	1.001	1.502	158.0	7.0	774.39	0.0	0.0	96.6	70.5	2.24	3.36
2026-09-26 11:22	36.0	35.0	21.483	1009.009	1.301	1.502	88.0	7.0	776.01	0.0	0.0	96.8	70.67	2.91	3.36
2026-09-26 11:23	36.0	34.0	21.117	1008.907	0.398	0.501	196.0	7.0	778.67	0.0	0.0	96.8	70.01	0.89	1.12
2026-09-26 11:24	36.0	34.0	21.117	1008.907	0.8	1.001	191.0	7.0	780.07	0.0	0.0	96.8	70.01	1.79	2.24
2026-09-26 11:25	36.0	33.0	20.739	1008.704	0.3	0.501	187.0	7.0	781.55	0.0	0.0	96.8	69.33	0.67	1.12
2026-09-26 11:26	36.0	34.0	21.117	1008.704	1.001	1.502	149.0	7.0	783.34	0.0	0.0	96.8	70.01	2.24	3.36
2026-09-26 11:27	36.0	34.0	21.117	1008.704	0.098	0.501	180.0	7.0	783.95	0.0	0.0	96.8	70.01	0.22	1.12
2026-09-26 11:28	36.0	34.0	21.117	1008.704	0.3	0.501	171.0	7.0	784.63	0.0	0.0	96.8	70.01	0.67	1.12
2026-09-26 11:29	36.0	34.0	21.117	1008.806	0.0	0.0	192.0	7.0	785.82	0.0	0.0	96.8	70.01	0.0	0.0
2026-09-26 11:30	36.0	34.0	21.117	1008.806	0.098	0.501	235.0	7.0	786.03	0.0	0.0	96.8	70.01	0.22	1.12
2026-09-26 11:31	36.0	34.0	21.117	1008.907	0.0	0.0	192.0	7.0	786.74	0.0	0.0	96.8	70.01	0.0	0.0
2026-09-26 11:32	36.111	34.0	21.211	1008.806	0.0	0.0	192.0	7.0	787.85	0.0	0.0	97.0	70.18	0.0	0.0
2026-09-26 11:33	36.111	34.0	21.211	1008.704	0.8	1.502	156.0	7.0	791.11	0.0	0.0	97.0	70.18	1.79	3.36
2026-09-26 11:34	36.222	33.0	20.922	1008.806	0.3	0.501	186.0	7.0	790.34	0.0	0.0	97.2	69.66	0.67	1.12
2026-09-26 11:35	36.222	34.0	21.306	1008.704	0.098	0.501	189.0	7.0	791.3	0.0	0.0	97.2	70.35	0.22	1.12
2026-09-26 11:36	36.222	34.0	21.306	1008.704	0.501	0.501	203.0	7.0	792.67	0.0	0.0	97.2	70.35	1.12	1.12
2026-09-26 11:37	36.222	34.0	21.306	1008.704	0.201	0.501	198.0	7.0	793.39	0.0	0.0	97.2	70.35	0.45	1.12
2026-09-26 11:38	36.222	33.0	20.922	1008.704	0.599	1.001	169.0	7.0	794.46	0.0	0.0	97.2	69.66	1.34	2.24
2026-09-26 11:39	36.222	33.0	20.922	1008.602	0.398	0.501	186.0	7.0	796.69	0.0	0.0	97.2	69.66	0.89	1.12
2026-09-26 11:40	36.222	34.0	21.306	1008.602	0.398	0.501	201.0	7.0	797.1	0.0	0.0	97.2	70.35	0.89	1.12
2026-09-26 11:41	36.222	34.0	21.306	1008.704	0.201	0.501	203.0	7.0	798.4	0.0	0.0	97.2	70.35	0.45	1.12
2026-09-26 11:42	36.222	34.0	21.306	1008.704	0.3	0.501	214.0	7.0	799.12	0.0	0.0	97.2	70.35	0.67	1.12
2026-09-26 11:43	36.278	34.0	21.35	1008.501	0.098	0.501	199.0	7.0	798.22	0.0	0.0	97.3	70.43	0.22	1.12
2026-09-26 11:44	36.278	34.0	21.35	1008.501	0.398	0.501	185.0	7.0	800.21	0.0	0.0	97.3	70.43	0.89	1.12
2026-09-26 11:45	36.278	33.0	20.972	1008.602	0.201	0.501	177.0	7.0	802.39	0.0	0.0	97.3	69.75	0.45	1.12
2026-09-26 11:46	36.278	33.0	20.972	1008.399	0.0	0.0	198.0	7.0	802.12	0.0	0.0	97.3	69.75	0.0	0.0
2026-09-26 11:47	36.278	34.0	21.35	1008.501	0.398	0.501	192.0	7.0	803.84	0.0	0.0	97.3	70.43	0.89	1.12
2026-09-26 11:48	36.278	34.0	21.35	1008.602	0.3	0.501	202.0	7.0	805.77	0.0	0.0	97.3	70.43	0.67	1.12
2026-09-26 11:49	36.278	34.0	21.35	1008.399	0.398	0.501	204.0	7.0	806.31	0.0	0.0	97.3	70.43	0.89	1.12
2026-09-26 11:50	36.278	34.0	21.35	1008.602	0.398	0.501	212.0	7.0	805.86	0.0	0.0	97.3	70.43	0.89	1.12
2026-09-26 11:51	36.389	34.0	21.444	1008.196	0.0	0.0	200.0	7.0	807.58	0.0	0.0	97.5	70.6	0.0	0.0
2026-09-26 11:52	36.389	34.0	21.444	1008.602	0.098	0.501	200.0	7.0	808.71	0.0	0.0	97.5	70.6	0.22	1.12
2026-09-26 11:53	36.389	34.0	21.444	1008.602	0.0	0.0	193.0	7.0	807.5	0.0	0.0	97.5	70.6	0.0	0.0
2026-09-26 11:54	36.389	34.0	21.444	1008.501	0.398	0.501	214.0	7.0	809.37	0.0	0.0	97.5	70.6	0.89	1.12
2026-09-26 11:55	36.389	33.0	21.067	1008.602	0.8	1.001	205.0	7.0	809.85	0.0	0.0	97.5	69.92	1.79	2.24
2026-09-26 11:56	36.389	33.0	21.067	1008.501	0.899	1.001	198.0	7.0	811.79	0.0	0.0	97.5	69.92	2.01	2.24
2026-09-26 11:57	36.389	33.0	21.067	1008.399	0.501	0.501	200.0	7.0	812.83	0.0	0.0	97.5	69.92	1.12	1.12
2026-09-26 11:58	36.389	34.0	21.444	1008.298	0.0	0.0	195.0	7.0	811.56	0.0	0.0	97.5	70.6	0.0	0.0
2026-09-26 11:59	36.389	33.0	21.067	1008.399	0.398	1.001	195.0	7.0	811.17	0.0	0.0	97.5	69.92	0.89	2.24
2026-09-26 12:00	36.389	33.0	21.067	1008.501	0.398	0.501	207.0	7.0	812.87	0.0	0.0	97.5	69.92	0.89	1.12
2026-09-26 12:01	36.389	33.0	21.067	1008.501	0.398	0.501	207.0	7.0	812.87	0.0	0.0	97.5	69.92	0.89	1.12
2026-09-26 12:02	36.389	33.0	21.067	1008.399	0.501	0.501	210.0	7.0	810.47	0.0	0.0	97.5	69.92	1.12	1.12
2026-09-26 12:03	36.5	33.0	21.161	1008.298	0.098	0.501	191.0	7.0	812.12	0.0	0.0	97.7	70.09	0.22	1.12
2026-09-26 12:04	36.5	33.0	21.161	1008.298	0.899	1.502	175.0	7.0	815.46	0.0	0.0	97.7	70.09	2.01	3.36
2026-09-26 12:05	36.5	32.0	20.767	1008.501	1.001	1.001	213.0	7.0	815.19	0.0	0.0	97.7	69.38	2.24	2.24
2026-09-26 12:06	36.5	33.0	21.161	1008.196	0.0	0.0	198.0	7.0	816.61	0.0	0.0	97.7	70.09	0.0	0.0
2026-09-26 12:07	36.5	33.0	21.161	1008.298	1.001	1.001	135.0	7.0	816.91	0.0	0.0	97.7	70.09	2.24	2.24
2026-09-26 12:08	36.5	32.0	20.767	1008.399	0.098	0.501	201.0	7.0	816.85	0.0	0.0	97.7	69.38	0.22	1.12
2026-09-26 12:09	36.611	32.0	20.861	1008.298	0.8	1.001	147.0	7.0	818.0	0.0	0.0	97.9	69.55	1.79	2.24
2026-09-26 12:10	36.611	32.0	20.861	1008.298	0.8	1.001	207.0	7.0	817.19	0.0	0.0	97.9	69.55	1.79	2.24
2026-09-26 12:11	36.611	32.0	20.861	1008.501	0.201	0.501	196.0	7.0	818.5	0.0	0.0	97.9	69.55	0.45	1.12
2026-09-26 12:12	36.611	32.0	20.861	1008.298	0.398	0.501	208.0	7.0	818.02	0.0	0.0	97.9	69.55	0.89	1.12
2026-09-26 12:13	36.611	32.0	20.861	1008.196	0.0	0.0	188.0	7.0	817.79	0.0	0.0	97.9	69.55	0.0	0.0
2026-09-26 12:14	36.611	31.0	20.461	1007.993	0.398	0.501	200.0	7.0	818.45	0.0	0.0	97.9	68.83	0.89	1.12
2026-09-26 12:15	36.611	32.0	20.861	1008.196	1.301	1.502	185.0	7.0	819.65	0.0	0.0	97.9	69.55	2.91	3.36
2026-09-26 12:16	36.611	32.0	20.861	1008.094	0.599	1.001	190.0	7.0	820.19	0.0	0.0	97.9	69.55	1.34	2.24
2026-09-26 12:17	36.611	32.0	20.861	1008.399	0.3	1.001	151.0	7.0	820.51	0.0	0.0	97.9	69.55	0.67	2.24
2026-09-26 12:18	36.611	31.0	20.461	1007.993	1.502	1.998	149.0	8.0	822.35	0.0	0.0	97.9	68.83	3.36	4.47
2026-09-26 12:19	36.5	31.0	20.367	1008.298	0.899	1.502	101.0	8.0	822.51	0.0	0.0	97.7	68.66	2.01	3.36
2026-09-26 12:20	36.389	32.0	20.672	1007.891	0.8	1.001	208.0	8.0	822.24	0.0	0.0	97.5	69.21	1.79	2.24
2026-09-26 12:21	36.389	31.0	20.272	1008.094	0.3	0.501	200.0	8.0	823.14	0.0	0.0	97.5	68.49	0.67	1.12
2026-09-26 12:22	36.278	31.0	20.183	1008.094	0.0	0.0	194.0	7.0	820.52	0.0	0.0	97.3	68.33	0.0	0.0
2026-09-26 12:23	36.278	32.0	20.583	1007.891	0.0	0.0	193.0	8.0	820.95	0.0	0.0	97.3	69.05	0.0	0.0
2026-09-26 12:24	36.278	32.0	20.583	1008.094	0.501	1.001	216.0	7.0	820.11	0.0	0.0	97.3	69.05	1.12	2.24
2026-09-26 12:25	36.278	31.0	20.183	1007.891	0.0	0.0	198.0	8.0	821.29	0.0	0.0	97.3	68.33	0.0	0.0
2026-09-26 12:26	36.278	32.0	20.583	1008.094	0.8	1.001	132.0	8.0	822.47	0.0	0.0	97.3	69.05	1.79	2.24
2026-09-26 12:27	36.222	31.0	20.133	1007.993	0.3	0.501	201.0	8.0	821.25	0.0	0.0	97.2	68.24	0.67	1.12
2026-09-26 12:28	36.222	31.0	20.133	1007.993	0.0	0.0	211.0	7.0	820.74	0.0	0.0	97.2	68.24	0.0	0.0
2026-09-26 12:29	36.222	32.0	20.533	1007.993	0.8	1.001	210.0	7.0	819.55	0.0	0.0	97.2	68.96	1.79	2.24
2026-09-26 12:30	36.222	32.0	20.533	1007.891	0.3	0.501	206.0	7.0	820.41	0.0	0.0	97.2	68.96	0.67	1.12
2026-09-26 12:31	36.222	32.0	20.533	1007.993	1.1	1.502	192.0	8.0	821.1	0.0	0.0	97.2	68.96	2.46	3.36
2026-09-26 12:32	36.222	32.0	20.533	1007.993	0.098	0.501	176.0	7.0	820.81	0.0	0.0	97.2	68.96	0.22	1.12
2026-09-26 12:33	36.222	32.0	20.533	1008.094	0.3	0.501	192.0	7.0	819.61	0.0	0.0	97.2	68.96	0.67	1.12
2026-09-26 12:34	36.111	32.0	20.439	1007.993	0.501	1.001	128.0	8.0	820.89	0.0	0.0	97.0	68.79	1.12	2.24
2026-09-26 12:35	36.222	32.0	20.533	1007.891	0.3	0.501	204.0	7.0	820.18	0.0	0.0	97.2	68.96	0.67	1.12
2026-09-26 12:36	36.222	32.0	20.533	1007.891	1.301	1.502	191.0	8.0	821.08	0.0	0.0	97.2	68.96	2.91	3.36
2026-09-26 12:37	36.222	32.0	20.533	1007.688	2.199	2.602	266.0	8.0	821.41	0.0	0.0	97.2	68.96	4.92	5.82
2026-09-26 12:38	36.222	32.0	20.533	1007.79	1.301	1.502	226.0	8.0	821.48	0.0	0.0	97.2	68.96	2.91	3.36
2026-09-26 12:39	36.222	32.0	20.533	1007.891	0.8	1.001	219.0	7.0	820.52	0.0	0.0	97.2	68.96	1.79	2.24
2026-09-26 12:40	36.222	32.0	20.533	1007.891	1.6	1.998	215.0	7.0	819.45	0.0	0.0	97.2	68.96	3.58	4.47
2026-09-26 12:41	36.222	32.0	20.533	1007.79	0.702	1.001	211.0	7.0	819.45	0.0	0.0	97.2	68.96	1.57	2.24
2026-09-26 12:42	36.222	32.0	20.533	1007.79	1.502	1.502	214.0	7.0	818.56	0.0	0.0	97.2	68.96	3.36	3.36
2026-09-26 12:43	36.111	32.0	20.439	1007.586	0.398	0.501	209.0	7.0	818.97	0.0	0.0	97.0	68.79	0.89	1.12
2026-09-26 12:44	36.111	32.0	20.439	1007.79	0.599	1.001	202.0	7.0	818.27	0.0	0.0	97.0	68.79	1.34	2.24
2026-09-26 12:45	36.111	32.0	20.439	1007.79	1.001	1.001	214.0	7.0	819.78	0.0	0.0	97.0	68.79	2.24	2.24
2026-09-26 12:46	36.111	32.0	20.439	1007.79	1.001	1.502	205.0	7.0	816.58	0.0	0.0	97.0	68.79	2.24	3.36
2026-09-26 12:47	36.111	33.0	20.828	1007.586	0.8	1.001	217.0	7.0	816.63	0.0	0.0	97.0	69.49	1.79	2.24
2026-09-26 12:48	36.222	32.0	20.533	1007.79	1.001	1.001	189.0	7.0	816.1	0.0	0.0	97.2	68.96	2.24	2.24
2026-09-26 12:49	36.222	32.0	20.533	1007.688	1.198	1.998	201.0	7.0	815.19	0.0	0.0	97.2	68.96	2.68	4.47
2026-09-26 12:50	36.222	32.0	20.533	1007.485	1.001	1.001	208.0	7.0	815.56	0.0	0.0	97.2	68.96	2.24	2.24
2026-09-26 12:51	36.222	32.0	20.533	1007.586	1.802	1.998	262.0	7.0	815.9	0.0	0.0	97.2	68.96	4.03	4.47
2026-09-26 12:52	36.222	32.0	20.533	1007.688	0.599	1.001	206.0	7.0	816.72	0.0	0.0	97.2	68.96	1.34	2.24
2026-09-26 12:53	36.111	32.0	20.439	1007.316	0.398	1.001	243.0	7.0	814.89	0.0	0.0	97.0	68.79	0.89	2.24
2026-09-26 12:54	36.111	32.0	20.439	1007.586	0.398	0.501	203.0	7.0	814.54	0.0	0.0	97.0	68.79	0.89	1.12
2026-09-26 12:55	36.111	32.0	20.439	1007.688	0.501	0.501	204.0	7.0	813.65	0.0	0.0	97.0	68.79	1.12	1.12
2026-09-26 12:56	36.111	32.0	20.439	1007.485	0.098	0.501	201.0	7.0	812.36	0.0	0.0	97.0	68.79	0.22	1.12
2026-09-26 12:57	36.111	32.0	20.439	1007.586	1.502	1.998	243.0	7.0	811.6	0.0	0.0	97.0	68.79	3.36	4.47
2026-09-26 12:58	36.111	31.0	20.044	1007.316	0.398	0.501	206.0	7.0	810.73	0.0	0.0	97.0	68.08	0.89	1.12
2026-09-26 12:59	36.0	32.0	20.35	1007.417	1.1	1.502	235.0	7.0	809.94	0.0	0.0	96.8	68.63	2.46	3.36
2026-09-26 13:00	36.0	32.0	20.35	1007.586	1.001	1.001	223.0	7.0	809.28	0.0	0.0	96.8	68.63	2.24	2.24
2026-09-26 13:01	36.0	32.0	20.35	1007.417	0.0	0.0	198.0	7.0	808.52	0.0	0.0	96.8	68.63	0.0	0.0
2026-09-26 13:02	36.0	32.0	20.35	1007.417	0.0	0.0	198.0	7.0	808.52	0.0	0.0	96.8	68.63	0.0	0.0
2026-09-26 13:03	36.0	31.0	19.95	1007.417	0.098	0.501	203.0	7.0	808.31	0.0	0.0	96.8	67.91	0.22	1.12
2026-09-26 13:04	36.0	31.0	19.95	1007.417	0.8	1.001	179.0	7.0	807.29	0.0	0.0	96.8	67.91	1.79	2.24
2026-09-26 13:05	36.0	31.0	19.95	1007.316	0.0	0.0	202.0	7.0	806.42	0.0	0.0	96.8	67.91	0.0	0.0
2026-09-26 13:06	35.889	31.0	19.856	1007.316	0.098	0.501	192.0	7.0	805.3	0.0	0.0	96.6	67.74	0.22	1.12
2026-09-26 13:07	35.889	31.0	19.856	1007.485	0.0	0.0	193.0	7.0	803.04	0.0	0.0	96.6	67.74	0.0	0.0
2026-09-26 13:08	35.889	31.0	19.856	1007.316	0.098	0.501	197.0	7.0	803.3	0.0	0.0	96.6	67.74	0.22	1.12
2026-09-26 13:09	36.0	32.0	20.35	1007.316	0.098	0.501	188.0	7.0	802.21	0.0	0.0	96.8	68.63	0.22	1.12
2026-09-26 13:10	36.0	31.0	19.95	1007.417	0.098	0.501	203.0	7.0	801.52	0.0	0.0	96.8	67.91	0.22	1.12
2026-09-26 13:11	36.0	31.0	19.95	1007.316	0.3	0.501	188.0	7.0	800.51	0.0	0.0	96.8	67.91	0.67	1.12
2026-09-26 13:12	36.0	31.0	19.95	1007.112	0.098	0.501	212.0	7.0	800.77	0.0	0.0	96.8	67.91	0.22	1.12
2026-09-26 13:13	36.111	31.0	20.044	1007.112	0.3	0.501	206.0	7.0	798.08	0.0	0.0	97.0	68.08	0.67	1.12
2026-09-26 13:14	36.111	32.0	20.439	1007.485	0.3	0.501	219.0	7.0	798.48	0.0	0.0	97.0	68.79	0.67	1.12
2026-09-26 13:15	36.222	32.0	20.533	1007.214	0.501	0.501	201.0	7.0	798.13	0.0	0.0	97.2	68.96	1.12	1.12
2026-09-26 13:16	36.278	31.0	20.183	1007.316	0.098	1.001	241.0	7.0	797.41	0.0	0.0	97.3	68.33	0.22	2.24
2026-09-26 13:17	36.278	31.0	20.183	1007.214	0.3	0.501	223.0	7.0	796.8	0.0	0.0	97.3	68.33	0.67	1.12
2026-09-26 13:18	36.278	31.0	20.183	1007.316	0.702	1.001	208.0	7.0	794.8	0.0	0.0	97.3	68.33	1.57	2.24
2026-09-26 13:19	36.389	32.0	20.672	1007.214	0.201	0.501	187.0	7.0	790.06	0.0	0.0	97.5	69.21	0.45	1.12
2026-09-26 13:20	36.389	32.0	20.672	1007.011	0.098	0.501	193.0	7.0	792.55	0.0	0.0	97.5	69.21	0.22	1.12
2026-09-26 13:21	36.389	32.0	20.672	1007.214	0.098	0.501	191.0	7.0	787.86	0.0	0.0	97.5	69.21	0.22	1.12
2026-09-26 13:22	36.5	32.0	20.767	1006.909	0.0	0.0	191.0	7.0	790.58	0.0	0.0	97.7	69.38	0.0	0.0
2026-09-26 13:23	36.5	32.0	20.767	1007.112	0.3	0.501	202.0	7.0	788.11	0.0	0.0	97.7	69.38	0.67	1.12
2026-09-26 13:24	36.611	32.0	20.861	1007.011	0.3	0.501	199.0	7.0	789.08	0.0	0.0	97.9	69.55	0.67	1.12
2026-09-26 13:25	36.611	31.0	20.461	1007.011	0.398	1.001	227.0	7.0	781.13	0.0	0.0	97.9	68.83	0.89	2.24
2026-09-26 13:26	36.611	30.0	20.05	1006.909	0.398	0.501	183.0	7.0	786.27	0.0	0.0	97.9	68.09	0.89	1.12
2026-09-26 13:27	36.611	31.0	20.461	1007.011	0.098	0.501	198.0	7.0	788.6	0.0	0.0	97.9	68.83	0.22	1.12
2026-09-26 13:28	36.611	31.0	20.461	1007.011	0.398	0.501	185.0	7.0	760.95	0.0	0.0	97.9	68.83	0.89	1.12
2026-09-26 13:29	36.611	31.0	20.461	1006.808	0.0	0.0	199.0	7.0	757.7	0.0	0.0	97.9	68.83	0.0	0.0
2026-09-26 13:30	36.611	31.0	20.461	1006.909	0.098	0.501	164.0	7.0	775.76	0.0	0.0	97.9	68.83	0.22	1.12
2026-09-26 13:31	36.722	31.0	20.556	1006.909	0.899	1.001	174.0	7.0	772.57	0.0	0.0	98.1	69.0	2.01	2.24
2026-09-26 13:32	36.611	30.0	20.05	1007.011	1.1	1.502	171.0	7.0	774.22	0.0	0.0	97.9	68.09	2.46	3.36
2026-09-26 13:33	36.611	30.0	20.05	1006.808	0.599	1.001	188.0	7.0	750.47	0.0	0.0	97.9	68.09	1.34	2.24
2026-09-26 13:34	36.611	30.0	20.05	1006.808	1.6	1.998	153.0	7.0	748.75	0.0	0.0	97.9	68.09	3.58	4.47
2026-09-26 13:35	36.611	29.0	19.622	1006.909	1.301	1.502	175.0	7.0	754.51	0.0	0.0	97.9	67.32	2.91	3.36
2026-09-26 13:36	36.5	29.0	19.533	1007.011	0.899	1.502	129.0	7.0	766.58	0.0	0.0	97.7	67.16	2.01	3.36
2026-09-26 13:37	36.389	30.0	19.861	1006.909	0.098	0.501	200.0	7.0	769.21	0.0	0.0	97.5	67.75	0.22	1.12
2026-09-26 13:38	36.389	30.0	19.861	1006.706	0.0	0.0	197.0	7.0	734.32	0.0	0.0	97.5	67.75	0.0	0.0
2026-09-26 13:39	36.278	30.0	19.772	1006.706	1.001	1.502	155.0	7.0	747.47	0.0	0.0	97.3	67.59	2.24	3.36
2026-09-26 13:40	36.278	30.0	19.772	1006.808	0.3	0.501	192.0	7.0	770.32	0.0	0.0	97.3	67.59	0.67	1.12
2026-09-26 13:41	36.278	30.0	19.772	1006.706	0.0	0.0	208.0	7.0	768.08	0.0	0.0	97.3	67.59	0.0	0.0
2026-09-26 13:42	36.278	30.0	19.772	1006.706	0.599	1.001	213.0	7.0	764.5	0.0	0.0	97.3	67.59	1.34	2.24
2026-09-26 13:43	36.278	29.0	19.344	1006.706	1.6	1.998	263.0	7.0	762.38	0.0	0.0	97.3	66.82	3.58	4.47
2026-09-26 13:44	36.278	30.0	19.772	1006.604	0.599	1.001	231.0	7.0	760.49	0.0	0.0	97.3	67.59	1.34	2.24
2026-09-26 13:45	36.278	30.0	19.772	1006.808	0.398	0.501	202.0	7.0	757.27	0.0	0.0	97.3	67.59	0.89	1.12
2026-09-26 13:46	36.222	30.0	19.722	1006.706	1.001	1.001	237.0	7.0	756.35	0.0	0.0	97.2	67.5	2.24	2.24
2026-09-26 13:47	36.222	29.0	19.3	1006.706	0.0	0.0	199.0	7.0	753.5	0.0	0.0	97.2	66.74	0.0	0.0
2026-09-26 13:48	36.222	30.0	19.722	1006.706	0.398	0.501	212.0	7.0	752.19	0.0	0.0	97.2	67.5	0.89	1.12
2026-09-26 13:49	36.111	29.0	19.211	1006.808	1.001	1.001	220.0	7.0	750.45	0.0	0.0	97.0	66.58	2.24	2.24
2026-09-26 13:50	36.111	29.0	19.211	1006.706	0.702	1.502	239.0	7.0	747.1	0.0	0.0	97.0	66.58	1.57	3.36
2026-09-26 13:51	36.111	30.0	19.633	1006.604	0.201	0.501	186.0	7.0	736.66	0.0	0.0	97.0	67.34	0.45	1.12
2026-09-26 13:52	36.111	30.0	19.633	1006.604	0.098	0.501	199.0	7.0	722.48	0.0	0.0	97.0	67.34	0.22	1.12
2026-09-26 13:53	36.111	30.0	19.633	1006.706	1.802	1.998	275.0	7.0	720.18	0.0	0.0	97.0	67.34	4.03	4.47
2026-09-26 13:54	36.111	29.0	19.211	1006.503	1.699	1.998	231.0	7.0	721.27	0.0	0.0	97.0	66.58	3.8	4.47
2026-09-26 13:55	36.0	30.0	19.539	1006.503	0.599	1.001	241.0	7.0	722.07	0.0	0.0	96.8	67.17	1.34	2.24
2026-09-26 13:56	36.0	30.0	19.539	1006.604	0.3	0.501	203.0	7.0	728.39	0.0	0.0	96.8	67.17	0.67	1.12
2026-09-26 13:57	36.0	30.0	19.539	1006.503	0.501	0.501	214.0	7.0	727.17	0.0	0.0	96.8	67.17	1.12	1.12
2026-09-26 13:58	36.0	31.0	19.95	1006.503	0.501	0.501	206.0	7.0	730.89	0.0	0.0	96.8	67.91	1.12	1.12
2026-09-26 13:59	36.0	31.0	19.95	1006.604	0.501	0.501	211.0	7.0	729.2	0.0	0.0	96.8	67.91	1.12	1.12
2026-09-26 14:00	36.0	31.0	19.95	1006.401	0.599	1.001	213.0	7.0	724.21	0.0	0.0	96.8	67.91	1.34	2.24
2026-09-26 14:01	36.0	31.0	19.95	1006.604	0.0	0.0	203.0	6.0	718.14	0.0	0.0	96.8	67.91	0.0	0.0
2026-09-26 14:02	36.0	31.0	19.95	1006.503	0.0	0.0	201.0	6.0	659.55	0.0	0.0	96.8	67.91	0.0	0.0
2026-09-26 14:03	36.0	31.0	19.95	1006.503	0.0	0.0	201.0	6.0	659.55	0.0	0.0	96.8	67.91	0.0	0.0
2026-09-26 14:04	36.0	31.0	19.95	1006.503	0.599	1.001	228.0	7.0	729.61	0.0	0.0	96.8	67.91	1.34	2.24
2026-09-26 14:05	36.0	30.0	19.539	1006.401	0.599	1.001	223.0	6.0	667.95	0.0	0.0	96.8	67.17	1.34	2.24
2026-09-26 14:06	36.0	31.0	19.95	1006.401	0.098	0.501	208.0	6.0	701.15	0.0	0.0	96.8	67.91	0.22	1.12
2026-09-26 14:07	36.0	31.0	19.95	1006.401	0.501	0.501	193.0	7.0	720.41	0.0	0.0	96.8	67.91	1.12	1.12
2026-09-26 14:08	36.0	30.0	19.539	1006.198	0.098	0.501	194.0	7.0	719.86	0.0	0.0	96.8	67.17	0.22	1.12
2026-09-26 14:09	36.0	30.0	19.539	1006.503	0.098	0.501	205.0	7.0	721.54	0.0	0.0	96.8	67.17	0.22	1.12
2026-09-26 14:10	36.0	31.0	19.95	1006.401	0.0	0.0	202.0	7.0	723.89	0.0	0.0	96.8	67.91	0.0	0.0
2026-09-26 14:11	36.0	31.0	19.95	1006.096	0.3	0.501	202.0	7.0	723.61	0.0	0.0	96.8	67.91	0.67	1.12
2026-09-26 14:12	36.0	31.0	19.95	1006.198	0.3	0.501	197.0	7.0	721.03	0.0	0.0	96.8	67.91	0.67	1.12
2026-09-26 14:13	36.0	31.0	19.95	1006.3	0.3	0.501	202.0	7.0	719.21	0.0	0.0	96.8	67.91	0.67	1.12
2026-09-26 14:14	36.0	31.0	19.95	1006.401	0.3	0.501	173.0	6.0	716.77	0.0	0.0	96.8	67.91	0.67	1.12
2026-09-26 14:15	36.111	31.0	20.044	1006.198	0.0	0.0	197.0	6.0	710.58	0.0	0.0	97.0	68.08	0.0	0.0
2026-09-26 14:16	36.111	31.0	20.044	1006.3	0.398	0.501	221.0	5.0	603.01	0.0	0.0	97.0	68.08	0.89	1.12
2026-09-26 14:17	36.111	31.0	20.044	1006.3	0.098	0.501	204.0	6.0	641.81	0.0	0.0	97.0	68.08	0.22	1.12
2026-09-26 14:18	36.111	31.0	20.044	1006.198	0.3	0.501	216.0	5.0	612.83	0.0	0.0	97.0	68.08	0.67	1.12
2026-09-26 14:19	36.222	31.0	20.133	1006.3	0.899	1.001	214.0	6.0	658.38	0.0	0.0	97.2	68.24	2.01	2.24
2026-09-26 14:20	36.222	31.0	20.133	1006.096	0.098	0.501	202.0	6.0	673.15	0.0	0.0	97.2	68.24	0.22	1.12
2026-09-26 14:21	36.222	31.0	20.133	1005.995	0.0	0.0	197.0	6.0	662.66	0.0	0.0	97.2	68.24	0.0	0.0
2026-09-26 14:22	36.222	31.0	20.133	1006.096	0.599	1.001	268.0	6.0	673.49	0.0	0.0	97.2	68.24	1.34	2.24
2026-09-26 14:23	36.222	30.0	19.722	1006.3	0.398	1.001	190.0	6.0	691.19	0.0	0.0	97.2	67.5	0.89	2.24
2026-09-26 14:24	36.222	31.0	20.133	1006.096	0.398	0.501	220.0	6.0	665.56	0.0	0.0	97.2	68.24	0.89	1.12
2026-09-26 14:25	36.278	31.0	20.183	1006.198	0.599	1.001	247.0	6.0	667.82	0.0	0.0	97.3	68.33	1.34	2.24
2026-09-26 14:26	36.278	30.0	19.772	1006.198	0.098	0.501	207.0	6.0	651.86	0.0	0.0	97.3	67.59	0.22	1.12
2026-09-26 14:27	36.278	31.0	20.183	1005.995	0.398	0.501	197.0	6.0	638.59	0.0	0.0	97.3	68.33	0.89	1.12
2026-09-26 14:28	36.278	30.0	19.772	1006.096	0.098	0.501	204.0	6.0	644.18	0.0	0.0	97.3	67.59	0.22	1.12
2026-09-26 14:29	36.278	30.0	19.772	1005.893	0.702	1.502	190.0	6.0	632.83	0.0	0.0	97.3	67.59	1.57	3.36
2026-09-26 14:30	36.389	30.0	19.861	1006.096	0.398	0.501	199.0	5.0	588.1	0.0	0.0	97.5	67.75	0.89	1.12
2026-09-26 14:31	36.389	30.0	19.861	1006.096	0.0	0.0	194.0	6.0	619.31	0.0	0.0	97.5	67.75	0.0	0.0
2026-09-26 14:32	36.389	30.0	19.861	1005.893	0.501	0.501	193.0	6.0	664.71	0.0	0.0	97.5	67.75	1.12	1.12
2026-09-26 14:33	36.389	30.0	19.861	1006.096	0.0	0.0	206.0	6.0	642.68	0.0	0.0	97.5	67.75	0.0	0.0
2026-09-26 14:34	36.389	30.0	19.861	1005.995	0.398	0.501	194.0	5.0	584.8	0.0	0.0	97.5	67.75	0.89	1.12
2026-09-26 14:35	36.389	30.0	19.861	1005.893	0.0	0.0	199.0	6.0	654.12	0.0	0.0	97.5	67.75	0.0	0.0
2026-09-26 14:36	36.389	30.0	19.861	1006.096	0.098	0.501	144.0	6.0	631.67	0.0	0.0	97.5	67.75	0.22	1.12
2026-09-26 14:37	36.389	30.0	19.861	1005.995	0.3	0.501	244.0	5.0	613.5	0.0	0.0	97.5	67.75	0.67	1.12
2026-09-26 14:38	36.389	30.0	19.861	1005.995	0.599	1.001	205.0	6.0	649.35	0.0	0.0	97.5	67.75	1.34	2.24
2026-09-26 14:39	36.389	30.0	19.861	1005.995	0.3	0.501	203.0	6.0	647.96	0.0	0.0	97.5	67.75	0.67	1.12
2026-09-26 14:40	36.389	30.0	19.861	1006.096	0.098	0.501	203.0	6.0	635.37	0.0	0.0	97.5	67.75	0.22	1.12
2026-09-26 14:41	36.389	30.0	19.861	1005.995	0.0	0.0	197.0	6.0	630.55	0.0	0.0	97.5	67.75	0.0	0.0
2026-09-26 14:42	36.389	30.0	19.861	1005.893	0.3	0.501	199.0	6.0	644.57	0.0	0.0	97.5	67.75	0.67	1.12
2026-09-26 14:43	36.389	30.0	19.861	1005.893	0.0	0.0	202.0	6.0	636.57	0.0	0.0	97.5	67.75	0.0	0.0
2026-09-26 14:44	36.389	30.0	19.861	1005.995	0.0	0.0	209.0	6.0	622.06	0.0	0.0	97.5	67.75	0.0	0.0
2026-09-26 14:45	36.389	29.0	19.439	1006.096	0.098	0.501	202.0	5.0	607.73	0.0	0.0	97.5	66.99	0.22	1.12
2026-09-26 14:46	36.389	30.0	19.861	1005.893	0.501	0.501	204.0	5.0	603.87	0.0	0.0	97.5	67.75	1.12	1.12
2026-09-26 14:47	36.389	29.0	19.439	1005.792	0.201	0.501	201.0	5.0	603.31	0.0	0.0	97.5	66.99	0.45	1.12
2026-09-26 14:48	36.389	30.0	19.861	1005.792	0.201	0.501	209.0	5.0	581.85	0.0	0.0	97.5	67.75	0.45	1.12
2026-09-26 14:49	36.278	30.0	19.772	1005.893	0.899	1.502	208.0	5.0	603.15	0.0	0.0	97.3	67.59	2.01	3.36
2026-09-26 14:50	36.278	30.0	19.772	1005.893	0.201	0.501	204.0	5.0	597.94	0.0	0.0	97.3	67.59	0.45	1.12
2026-09-26 14:51	36.278	30.0	19.772	1005.69	0.0	0.0	183.0	5.0	555.99	0.0	0.0	97.3	67.59	0.0	0.0
2026-09-26 14:52	36.278	30.0	19.772	1005.893	0.098	0.501	187.0	5.0	582.89	0.0	0.0	97.3	67.59	0.22	1.12
2026-09-26 14:53	36.278	30.0	19.772	1005.995	0.398	0.501	189.0	5.0	598.63	0.0	0.0	97.3	67.59	0.89	1.12
2026-09-26 14:54	36.222	30.0	19.722	1005.893	0.398	0.501	190.0	5.0	598.52	0.0	0.0	97.2	67.5	0.89	1.12
2026-09-26 14:55	36.222	30.0	19.722	1005.69	0.098	0.501	186.0	5.0	587.32	0.0	0.0	97.2	67.5	0.22	1.12
2026-09-26 14:56	36.222	30.0	19.722	1005.69	0.0	0.0	189.0	5.0	594.34	0.0	0.0	97.2	67.5	0.0	0.0
2026-09-26 14:57	36.222	30.0	19.722	1005.69	0.098	0.501	195.0	5.0	587.58	0.0	0.0	97.2	67.5	0.22	1.12
2026-09-26 14:58	36.222	30.0	19.722	1005.589	0.0	0.0	200.0	5.0	570.41	0.0	0.0	97.2	67.5	0.0	0.0
2026-09-26 14:59	36.222	30.0	19.722	1005.69	0.0	0.0	206.0	5.0	546.18	0.0	0.0	97.2	67.5	0.0	0.0
2026-09-26 15:00	36.222	30.0	19.722	1005.792	0.398	0.501	206.0	5.0	587.81	0.0	0.0	97.2	67.5	0.89	1.12
2026-09-26 15:01	36.222	30.0	19.722	1005.69	1.1	1.502	264.0	5.0	583.58	0.0	0.0	97.2	67.5	2.46	3.36
2026-09-26 15:02	36.222	29.0	19.3	1005.487	0.702	1.001	205.0	5.0	574.51	0.0	0.0	97.2	66.74	1.57	2.24
2026-09-26 15:03	36.222	29.0	19.3	1005.792	1.399	1.998	213.0	5.0	567.84	0.0	0.0	97.2	66.74	3.13	4.47
2026-09-26 15:04	36.222	29.0	19.3	1005.792	1.399	1.998	213.0	5.0	567.84	0.0	0.0	97.2	66.74	3.13	4.47
2026-09-26 15:05	36.111	30.0	19.633	1005.69	0.599	1.001	210.0	5.0	565.94	0.0	0.0	97.0	67.34	1.34	2.24
2026-09-26 15:06	36.111	30.0	19.633	1005.589	0.501	0.501	218.0	5.0	557.86	0.0	0.0	97.0	67.34	1.12	1.12
2026-09-26 15:07	36.111	30.0	19.633	1005.589	0.501	0.501	185.0	4.0	499.12	0.0	0.0	97.0	67.34	1.12	1.12
2026-09-26 15:08	36.0	30.0	19.539	1005.69	0.0	0.0	194.0	5.0	556.68	0.0	0.0	96.8	67.17	0.0	0.0
2026-09-26 15:09	36.0	30.0	19.539	1005.589	0.098	0.501	197.0	5.0	539.19	0.0	0.0	96.8	67.17	0.22	1.12
2026-09-26 15:10	36.0	29.0	19.117	1005.589	0.0	0.0	196.0	5.0	557.1	0.0	0.0	96.8	66.41	0.0	0.0
2026-09-26 15:11	36.0	29.0	19.117	1005.589	0.3	0.501	178.0	5.0	553.3	0.0	0.0	96.8	66.41	0.67	1.12
2026-09-26 15:12	36.0	30.0	19.539	1005.589	0.3	0.501	197.0	5.0	556.78	0.0	0.0	96.8	67.17	0.67	1.12
2026-09-26 15:13	35.889	30.0	19.444	1005.69	1.001	1.502	195.0	5.0	568.73	0.0	0.0	96.6	67.0	2.24	3.36
2026-09-26 15:14	36.0	30.0	19.539	1005.487	0.398	0.501	184.0	4.0	498.53	0.0	0.0	96.8	67.17	0.89	1.12
2026-09-26 15:15	36.0	30.0	19.539	1005.318	0.0	0.0	204.0	4.0	487.86	0.0	0.0	96.8	67.17	0.0	0.0
2026-09-26 15:16	36.0	30.0	19.539	1005.318	0.0	0.0	200.0	4.0	455.84	0.0	0.0	96.8	67.17	0.0	0.0
2026-09-26 15:17	36.0	30.0	19.539	1005.589	0.702	1.001	224.0	4.0	480.13	0.0	0.0	96.8	67.17	1.57	2.24
2026-09-26 15:18	36.0	30.0	19.539	1005.589	0.201	0.501	202.0	4.0	484.89	0.0	0.0	96.8	67.17	0.45	1.12
2026-09-26 15:19	36.0	30.0	19.539	1005.487	0.3	0.501	208.0	5.0	534.33	0.0	0.0	96.8	67.17	0.67	1.12
2026-09-26 15:20	36.0	30.0	19.539	1005.487	0.3	0.501	204.0	5.0	534.03	0.0	0.0	96.8	67.17	0.67	1.12
2026-09-26 15:21	36.111	30.0	19.633	1005.487	0.0	0.0	185.0	5.0	531.52	0.0	0.0	97.0	67.34	0.0	0.0
2026-09-26 15:22	36.111	31.0	20.044	1005.385	0.098	0.501	196.0	4.0	496.46	0.0	0.0	97.0	68.08	0.22	1.12
2026-09-26 15:23	36.111	30.0	19.633	1005.385	0.0	0.0	196.0	4.0	507.48	0.0	0.0	97.0	67.34	0.0	0.0
2026-09-26 15:24	36.111	30.0	19.633	1005.487	0.398	0.501	214.0	4.0	483.43	0.0	0.0	97.0	67.34	0.89	1.12
2026-09-26 15:25	36.111	30.0	19.633	1005.385	0.398	0.501	202.0	4.0	436.64	0.0	0.0	97.0	67.34	0.89	1.12
2026-09-26 15:26	36.111	30.0	19.633	1005.487	1.001	1.001	154.0	3.0	397.85	0.0	0.0	97.0	67.34	2.24	2.24
2026-09-26 15:27	36.111	30.0	19.633	1005.385	0.599	1.001	198.0	4.0	437.55	0.0	0.0	97.0	67.34	1.34	2.24
2026-09-26 15:28	36.111	30.0	19.633	1005.487	0.501	1.001	169.0	4.0	431.18	0.0	0.0	97.0	67.34	1.12	2.24
2026-09-26 15:29	36.222	30.0	19.722	1005.318	0.3	0.501	171.0	4.0	437.02	0.0	0.0	97.2	67.5	0.67	1.12
2026-09-26 15:30	36.111	30.0	19.633	1005.318	0.3	0.501	174.0	4.0	457.19	0.0	0.0	97.0	67.34	0.67	1.12
2026-09-26 15:31	36.111	30.0	19.633	1005.487	0.098	0.501	193.0	4.0	445.02	0.0	0.0	97.0	67.34	0.22	1.12
2026-09-26 15:32	36.111	30.0	19.633	1005.385	0.8	1.001	201.0	4.0	469.75	0.0	0.0	97.0	67.34	1.79	2.24
2026-09-26 15:33	36.111	30.0	19.633	1005.385	0.398	0.501	204.0	4.0	484.15	0.0	0.0	97.0	67.34	0.89	1.12
2026-09-26 15:34	36.111	30.0	19.633	1005.385	0.899	1.001	205.0	4.0	483.86	0.0	0.0	97.0	67.34	2.01	2.24
2026-09-26 15:35	36.111	31.0	20.044	1005.385	0.702	1.001	205.0	4.0	463.42	0.0	0.0	97.0	68.08	1.57	2.24
2026-09-26 15:36	36.111	30.0	19.633	1005.318	0.501	0.501	207.0	4.0	470.6	0.0	0.0	97.0	67.34	1.12	1.12
2026-09-26 15:37	36.111	30.0	19.633	1005.318	0.0	0.0	182.0	4.0	470.36	0.0	0.0	97.0	67.34	0.0	0.0
2026-09-26 15:38	36.222	30.0	19.722	1005.385	0.398	0.501	220.0	4.0	466.46	0.0	0.0	97.2	67.5	0.89	1.12
2026-09-26 15:39	36.222	30.0	19.722	1005.385	0.398	0.501	201.0	4.0	460.23	0.0	0.0	97.2	67.5	0.89	1.12
2026-09-26 15:40	36.222	30.0	19.722	1005.318	0.201	0.501	171.0	4.0	458.91	0.0	0.0	97.2	67.5	0.45	1.12
2026-09-26 15:41	36.222	30.0	19.722	1005.487	0.3	0.501	192.0	4.0	447.78	0.0	0.0	97.2	67.5	0.67	1.12
2026-09-26 15:42	36.222	29.0	19.3	1005.114	0.0	0.0	188.0	4.0	443.11	0.0	0.0	97.2	66.74	0.0	0.0
2026-09-26 15:43	36.222	29.0	19.3	1005.318	0.398	0.501	218.0	4.0	439.67	0.0	0.0	97.2	66.74	0.89	1.12
2026-09-26 15:44	36.278	29.0	19.344	1005.216	0.702	1.001	194.0	4.0	429.5	0.0	0.0	97.3	66.82	1.57	2.24
2026-09-26 15:45	36.278	29.0	19.344	1005.318	0.0	0.0	199.0	4.0	429.91	0.0	0.0	97.3	66.82	0.0	0.0
2026-09-26 15:46	36.278	29.0	19.344	1005.385	0.098	0.501	221.0	4.0	420.0	0.0	0.0	97.3	66.82	0.22	1.12
2026-09-26 15:47	36.278	29.0	19.344	1005.216	0.8	1.001	198.0	4.0	413.43	0.0	0.0	97.3	66.82	1.79	2.24
2026-09-26 15:48	36.278	28.0	18.911	1005.318	0.599	1.001	196.0	3.0	410.09	0.0	0.0	97.3	66.04	1.34	2.24
2026-09-26 15:49	36.278	28.0	18.911	1005.318	0.0	0.0	204.0	3.0	407.58	0.0	0.0	97.3	66.04	0.0	0.0
2026-09-26 15:50	36.278	29.0	19.344	1005.318	0.3	0.501	203.0	3.0	396.01	0.0	0.0	97.3	66.82	0.67	1.12
2026-09-26 15:51	36.278	29.0	19.344	1005.318	0.398	0.501	191.0	3.0	397.79	0.0	0.0	97.3	66.82	0.89	1.12
2026-09-26 15:52	36.278	28.0	18.911	1005.318	0.398	0.501	166.0	3.0	391.95	0.0	0.0	97.3	66.04	0.89	1.12
2026-09-26 15:53	36.278	28.0	18.911	1005.385	0.098	0.501	203.0	3.0	374.93	0.0	0.0	97.3	66.04	0.22	1.12
2026-09-26 15:54	36.389	28.0	19.0	1005.318	0.3	0.501	202.0	3.0	389.08	0.0	0.0	97.5	66.2	0.67	1.12
2026-09-26 15:55	36.278	28.0	18.911	1005.013	0.398	0.501	195.0	3.0	346.54	0.0	0.0	97.3	66.04	0.89	1.12
2026-09-26 15:56	36.278	28.0	18.911	1005.318	0.0	0.0	201.0	3.0	334.87	0.0	0.0	97.3	66.04	0.0	0.0
2026-09-26 15:57	36.278	28.0	18.911	1005.216	0.599	1.001	196.0	3.0	323.85	0.0	0.0	97.3	66.04	1.34	2.24
2026-09-26 15:58	36.278	28.0	18.911	1005.216	0.501	0.501	202.0	3.0	338.18	0.0	0.0	97.3	66.04	1.12	1.12
2026-09-26 15:59	36.278	28.0	18.911	1005.385	0.098	0.501	202.0	3.0	335.3	0.0	0.0	97.3	66.04	0.22	1.12
2026-09-26 16:00	36.222	29.0	19.3	1005.114	0.201	0.501	211.0	3.0	331.02	0.0	0.0	97.2	66.74	0.45	1.12
2026-09-26 16:01	36.222	28.0	18.867	1005.216	0.3	0.501	191.0	2.0	306.69	0.0	0.0	97.2	65.96	0.67	1.12
2026-09-26 16:02	36.222	28.0	18.867	1005.318	0.098	0.501	150.0	3.0	330.79	0.0	0.0	97.2	65.96	0.22	1.12
2026-09-26 16:03	36.222	27.0	18.417	1005.114	0.098	0.501	220.0	2.0	302.98	0.0	0.0	97.2	65.15	0.22	1.12
2026-09-26 16:04	36.222	27.0	18.417	1005.114	0.098	0.501	220.0	2.0	302.98	0.0	0.0	97.2	65.15	0.22	1.12
2026-09-26 16:05	36.222	27.0	18.417	1005.318	0.0	0.0	169.0	3.0	334.05	0.0	0.0	97.2	65.15	0.0	0.0
2026-09-26 16:06	36.222	27.0	18.417	1005.114	0.599	1.001	200.0	3.0	334.73	0.0	0.0	97.2	65.15	1.34	2.24
2026-09-26 16:07	36.222	28.0	18.867	1005.318	0.098	0.501	191.0	3.0	335.0	0.0	0.0	97.2	65.96	0.22	1.12
2026-09-26 16:08	36.111	28.0	18.772	1005.114	0.0	0.0	205.0	3.0	334.18	0.0	0.0	97.0	65.79	0.0	0.0
2026-09-26 16:09	36.111	28.0	18.772	1005.216	0.0	0.0	195.0	2.0	253.94	0.0	0.0	97.0	65.79	0.0	0.0
2026-09-26 16:10	36.111	28.0	18.772	1005.216	0.098	0.501	196.0	2.0	267.3	0.0	0.0	97.0	65.79	0.22	1.12
2026-09-26 16:11	36.111	28.0	18.772	1005.216	0.0	0.0	206.0	3.0	316.03	0.0	0.0	97.0	65.79	0.0	0.0
2026-09-26 16:12	36.111	28.0	18.772	1005.216	0.3	0.501	203.0	2.0	260.59	0.0	0.0	97.0	65.79	0.67	1.12
2026-09-26 16:13	36.111	28.0	18.772	1005.114	0.3	0.501	196.0	2.0	225.13	0.0	0.0	97.0	65.79	0.67	1.12
2026-09-26 16:14	36.111	28.0	18.772	1005.318	0.098	0.501	236.0	2.0	226.36	0.0	0.0	97.0	65.79	0.22	1.12
2026-09-26 16:15	36.111	28.0	18.772	1005.318	0.599	1.001	189.0	2.0	214.55	0.0	0.0	97.0	65.79	1.34	2.24
2026-09-26 16:16	36.111	28.0	18.772	1005.013	0.0	0.0	200.0	2.0	219.16	0.0	0.0	97.0	65.79	0.0	0.0
2026-09-26 16:17	36.222	28.0	18.867	1005.318	0.0	0.0	200.0	1.0	199.94	0.0	0.0	97.2	65.96	0.0	0.0
2026-09-26 16:18	36.111	28.0	18.772	1005.385	1.001	1.001	233.0	1.0	202.62	0.0	0.0	97.0	65.79	2.24	2.24
2026-09-26 16:19	36.111	28.0	18.772	1005.385	0.0	0.0	201.0	2.0	214.85	0.0	0.0	97.0	65.79	0.0	0.0
2026-09-26 16:20	36.111	28.0	18.772	1005.114	0.899	1.001	259.0	1.0	203.87	0.0	0.0	97.0	65.79	2.01	2.24
2026-09-26 16:21	36.111	28.0	18.772	1005.318	0.3	0.501	193.0	2.0	222.85	0.0	0.0	97.0	65.79	0.67	1.12
2026-09-26 16:22	36.111	28.0	18.772	1005.318	0.098	0.501	200.0	2.0	216.02	0.0	0.0	97.0	65.79	0.22	1.12
2026-09-26 16:23	36.111	28.0	18.772	1005.318	0.3	0.501	217.0	2.0	240.47	0.0	0.0	97.0	65.79	0.67	1.12
2026-09-26 16:24	36.111	28.0	18.772	1005.318	0.398	0.501	201.0	1.0	191.97	0.0	0.0	97.0	65.79	0.89	1.12
2026-09-26 16:25	36.111	28.0	18.772	1005.216	0.098	0.501	230.0	2.0	246.51	0.0	0.0	97.0	65.79	0.22	1.12
2026-09-26 16:26	36.111	28.0	18.772	1005.114	0.3	0.501	205.0	1.0	156.31	0.0	0.0	97.0	65.79	0.67	1.12
2026-09-26 16:27	36.111	28.0	18.772	1005.216	0.398	0.501	234.0	1.0	190.59	0.0	0.0	97.0	65.79	0.89	1.12
2026-09-26 16:28	36.0	28.0	18.683	1005.318	0.398	0.501	203.0	1.0	162.6	0.0	0.0	96.8	65.63	0.89	1.12
2026-09-26 16:29	36.0	28.0	18.683	1005.318	0.599	1.001	214.0	1.0	162.67	0.0	0.0	96.8	65.63	1.34	2.24
2026-09-26 16:30	36.0	28.0	18.683	1005.114	0.201	0.501	228.0	1.0	163.7	0.0	0.0	96.8	65.63	0.45	1.12
2026-09-26 16:31	36.0	28.0	18.683	1005.216	0.201	0.501	203.0	1.0	155.62	0.0	0.0	96.8	65.63	0.45	1.12
2026-09-26 16:32	35.889	28.0	18.589	1005.114	0.3	0.501	253.0	2.0	214.51	0.0	0.0	96.6	65.46	0.67	1.12
2026-09-26 16:33	35.889	28.0	18.589	1005.318	0.501	0.501	203.0	1.0	159.42	0.0	0.0	96.6	65.46	1.12	1.12
2026-09-26 16:34	35.889	28.0	18.589	1005.318	0.398	0.501	200.0	1.0	171.35	0.0	0.0	96.6	65.46	0.89	1.12
2026-09-26 16:35	35.889	28.0	18.589	1005.114	0.3	0.501	199.0	1.0	202.06	0.0	0.0	96.6	65.46	0.67	1.12
2026-09-26 16:36	35.778	28.0	18.5	1005.216	0.0	0.0	199.0	1.0	118.83	0.0	0.0	96.4	65.3	0.0	0.0
2026-09-26 16:37	35.778	28.0	18.5	1005.318	0.398	1.001	139.0	1.0	183.43	0.0	0.0	96.4	65.3	0.89	2.24
2026-09-26 16:38	35.778	28.0	18.5	1005.216	0.398	0.501	205.0	1.0	138.23	0.0	0.0	96.4	65.3	0.89	1.12
2026-09-26 16:39	35.778	28.0	18.5	1005.114	0.0	0.0	200.0	2.0	216.81	0.0	0.0	96.4	65.3	0.0	0.0
2026-09-26 16:40	35.778	28.0	18.5	1005.216	0.3	0.501	202.0	2.0	219.57	0.0	0.0	96.4	65.3	0.67	1.12
2026-09-26 16:41	35.778	28.0	18.5	1005.114	0.098	0.501	193.0	1.0	164.2	0.0	0.0	96.4	65.3	0.22	1.12
2026-09-26 16:42	35.778	28.0	18.5	1005.318	0.098	0.501	197.0	1.0	112.82	0.0	0.0	96.4	65.3	0.22	1.12
2026-09-26 16:43	35.778	28.0	18.5	1005.216	0.599	1.001	211.0	1.0	152.46	0.0	0.0	96.4	65.3	1.34	2.24
2026-09-26 16:44	35.889	27.0	18.144	1005.114	0.3	0.501	227.0	1.0	137.53	0.0	0.0	96.6	64.66	0.67	1.12
2026-09-26 16:45	35.889	27.0	18.144	1005.318	0.098	0.501	197.0	1.0	120.33	0.0	0.0	96.6	64.66	0.22	1.12
2026-09-26 16:46	35.889	28.0	18.589	1005.216	0.0	0.0	193.0	0.0	87.01	0.0	0.0	96.6	65.46	0.0	0.0
2026-09-26 16:47	35.889	28.0	18.589	1005.114	0.398	0.501	180.0	1.0	148.36	0.0	0.0	96.6	65.46	0.89	1.12
2026-09-26 16:48	35.889	27.0	18.144	1005.216	0.098	0.501	183.0	1.0	112.23	0.0	0.0	96.6	64.66	0.22	1.12
2026-09-26 16:49	35.889	28.0	18.589	1005.216	0.599	1.001	212.0	1.0	106.77	0.0	0.0	96.6	65.46	1.34	2.24
2026-09-26 16:50	35.889	27.0	18.144	1005.216	0.501	0.501	217.0	1.0	115.94	0.0	0.0	96.6	64.66	1.12	1.12
2026-09-26 16:51	35.889	27.0	18.144	1005.216	0.098	0.501	193.0	1.0	112.4	0.0	0.0	96.6	64.66	0.22	1.12
2026-09-26 16:52	35.778	27.0	18.05	1005.114	0.0	0.0	193.0	1.0	120.99	0.0	0.0	96.4	64.49	0.0	0.0
2026-09-26 16:53	35.778	27.0	18.05	1005.013	0.0	0.0	193.0	0.0	88.35	0.0	0.0	96.4	64.49	0.0	0.0
2026-09-26 16:54	35.778	27.0	18.05	1005.114	0.0	0.0	196.0	1.0	104.95	0.0	0.0	96.4	64.49	0.0	0.0
2026-09-26 16:55	35.722	28.0	18.45	1005.114	0.0	0.0	197.0	0.0	73.42	0.0	0.0	96.3	65.21	0.0	0.0
2026-09-26 16:56	35.722	28.0	18.45	1005.216	0.0	0.0	198.0	1.0	102.94	0.0	0.0	96.3	65.21	0.0	0.0
2026-09-26 16:57	35.611	28.0	18.361	1005.114	0.0	0.0	199.0	1.0	134.44	0.0	0.0	96.1	65.05	0.0	0.0
2026-09-26 16:58	35.611	28.0	18.361	1005.013	0.3	0.501	201.0	0.0	97.57	0.0	0.0	96.1	65.05	0.67	1.12
2026-09-26 16:59	35.5	28.0	18.267	1005.216	0.098	0.501	201.0	0.0	91.94	0.0	0.0	95.9	64.88	0.22	1.12
2026-09-26 17:00	35.5	28.0	18.267	1005.318	0.0	0.0	199.0	0.0	76.47	0.0	0.0	95.9	64.88	0.0	0.0
2026-09-26 17:01	35.5	28.0	18.267	1005.318	0.0	0.0	202.0	1.0	110.4	0.0	0.0	95.9	64.88	0.0	0.0
2026-09-26 17:02	35.389	28.0	18.178	1005.318	0.0	0.0	199.0	0.0	95.11	0.0	0.0	95.7	64.72	0.0	0.0
2026-09-26 17:03	35.389	28.0	18.178	1005.318	0.501	0.501	226.0	0.0	82.71	0.0	0.0	95.7	64.72	1.12	1.12
2026-09-26 17:04	35.389	28.0	18.178	1005.013	0.201	0.501	205.0	0.0	79.56	0.0	0.0	95.7	64.72	0.45	1.12
2026-09-26 17:05	35.389	28.0	18.178	1005.013	0.201	0.501	205.0	0.0	79.56	0.0	0.0	95.7	64.72	0.45	1.12
2026-09-26 17:06	35.389	28.0	18.178	1005.114	0.0	0.0	199.0	0.0	69.34	0.0	0.0	95.7	64.72	0.0	0.0
2026-09-26 17:07	35.278	28.0	18.083	1005.114	0.0	0.0	199.0	0.0	94.27	0.0	0.0	95.5	64.55	0.0	0.0
2026-09-26 17:08	35.278	28.0	18.083	1005.385	0.0	0.0	198.0	0.0	70.59	0.0	0.0	95.5	64.55	0.0	0.0
2026-09-26 17:09	35.222	28.0	18.039	1005.216	0.0	0.0	197.0	0.0	69.24	0.0	0.0	95.4	64.47	0.0	0.0
2026-09-26 17:10	35.222	28.0	18.039	1005.216	0.0	0.0	197.0	0.0	85.87	0.0	0.0	95.4	64.47	0.0	0.0
2026-09-26 17:11	35.222	28.0	18.039	1005.318	0.098	0.501	210.0	0.0	72.2	0.0	0.0	95.4	64.47	0.22	1.12
2026-09-26 17:12	35.111	28.0	17.95	1005.114	0.3	0.501	198.0	0.0	65.49	0.0	0.0	95.2	64.31	0.67	1.12
2026-09-26 17:13	35.111	28.0	17.95	1005.216	0.0	0.0	198.0	0.0	65.58	0.0	0.0	95.2	64.31	0.0	0.0
2026-09-26 17:14	35.111	28.0	17.95	1005.216	0.398	0.501	210.0	0.0	65.79	0.0	0.0	95.2	64.31	0.89	1.12
2026-09-26 17:15	35.111	28.0	17.95	1005.216	0.0	0.0	199.0	0.0	66.82	0.0	0.0	95.2	64.31	0.0	0.0
2026-09-26 17:16	35.111	28.0	17.95	1005.385	0.0	0.0	197.0	0.0	65.46	0.0	0.0	95.2	64.31	0.0	0.0
2026-09-26 17:17	35.111	28.0	17.95	1005.385	0.398	0.501	218.0	0.0	66.35	0.0	0.0	95.2	64.31	0.89	1.12
2026-09-26 17:18	35.0	28.0	17.856	1005.114	0.3	0.501	202.0	0.0	67.17	0.0	0.0	95.0	64.14	0.67	1.12
2026-09-26 17:19	35.0	28.0	17.856	1005.216	0.0	0.0	199.0	0.0	66.56	0.0	0.0	95.0	64.14	0.0	0.0
2026-09-26 17:20	35.0	28.0	17.856	1005.385	0.599	1.001	220.0	0.0	63.2	0.0	0.0	95.0	64.14	1.34	2.24
2026-09-26 17:21	35.0	28.0	17.856	1005.318	0.0	0.0	199.0	0.0	60.4	0.0	0.0	95.0	64.14	0.0	0.0
2026-09-26 17:22	35.0	28.0	17.856	1005.318	0.0	0.0	197.0	0.0	57.89	0.0	0.0	95.0	64.14	0.0	0.0
2026-09-26 17:23	35.0	28.0	17.856	1005.318	0.398	0.501	203.0	0.0	55.04	0.0	0.0	95.0	64.14	0.89	1.12
2026-09-26 17:24	35.0	28.0	17.856	1005.114	0.398	0.501	211.0	0.0	52.24	0.0	0.0	95.0	64.14	0.89	1.12
2026-09-26 17:25	35.0	28.0	17.856	1005.114	0.0	0.0	197.0	0.0	49.62	0.0	0.0	95.0	64.14	0.0	0.0
2026-09-26 17:26	35.0	29.0	18.289	1005.216	0.398	0.501	198.0	0.0	47.48	0.0	0.0	95.0	64.92	0.89	1.12
2026-09-26 17:27	35.0	29.0	18.289	1005.216	0.0	0.0	199.0	0.0	45.95	0.0	0.0	95.0	64.92	0.0	0.0
2026-09-26 17:28	35.0	28.0	17.856	1005.216	0.0	0.0	189.0	0.0	43.65	0.0	0.0	95.0	64.14	0.0	0.0
2026-09-26 17:29	35.0	29.0	18.289	1005.216	0.0	0.0	193.0	0.0	41.1	0.0	0.0	95.0	64.92	0.0	0.0
2026-09-26 17:30	35.0	28.0	17.856	1005.318	0.0	0.0	194.0	0.0	39.82	0.0	0.0	95.0	64.14	0.0	0.0
2026-09-26 17:31	35.0	29.0	18.289	1005.216	0.0	0.0	194.0	0.0	38.93	0.0	0.0	95.0	64.92	0.0	0.0
2026-09-26 17:32	34.889	29.0	18.194	1005.318	0.0	0.0	194.0	0.0	38.17	0.0	0.0	94.8	64.75	0.0	0.0
2026-09-26 17:33	34.889	29.0	18.194	1005.114	0.0	0.0	197.0	0.0	37.26	0.0	0.0	94.8	64.75	0.0	0.0
2026-09-26 17:34	34.889	29.0	18.194	1005.114	0.3	0.501	197.0	0.0	36.54	0.0	0.0	94.8	64.75	0.67	1.12
2026-09-26 17:35	34.778	29.0	18.1	1005.318	0.201	0.501	203.0	0.0	35.97	0.0	0.0	94.6	64.58	0.45	1.12
2026-09-26 17:36	34.778	29.0	18.1	1005.216	0.0	0.0	195.0	0.0	35.07	0.0	0.0	94.6	64.58	0.0	0.0
2026-09-26 17:37	34.722	29.0	18.056	1005.385	0.0	0.0	195.0	0.0	35.64	0.0	0.0	94.5	64.5	0.0	0.0
2026-09-26 17:38	34.722	29.0	18.056	1005.318	0.0	0.0	199.0	0.0	35.12	0.0	0.0	94.5	64.5	0.0	0.0
2026-09-26 17:39	34.722	29.0	18.056	1005.385	0.0	0.0	200.0	0.0	35.12	0.0	0.0	94.5	64.5	0.0	0.0
2026-09-26 17:40	34.611	29.0	17.967	1005.114	0.0	0.0	197.0	0.0	35.95	0.0	0.0	94.3	64.34	0.0	0.0
2026-09-26 17:41	34.611	29.0	17.967	1005.216	0.0	0.0	203.0	0.0	35.61	0.0	0.0	94.3	64.34	0.0	0.0
2026-09-26 17:42	34.611	29.0	17.967	1005.318	0.201	0.501	199.0	0.0	34.76	0.0	0.0	94.3	64.34	0.45	1.12
2026-09-26 17:43	34.5	29.0	17.872	1005.385	0.501	0.501	216.0	0.0	33.83	0.0	0.0	94.1	64.17	1.12	1.12
2026-09-26 17:44	34.5	29.0	17.872	1005.318	0.201	0.501	203.0	0.0	32.37	0.0	0.0	94.1	64.17	0.45	1.12
2026-09-26 17:45	34.389	29.0	17.778	1005.114	0.0	0.0	198.0	0.0	30.74	0.0	0.0	93.9	64.0	0.0	0.0
2026-09-26 17:46	34.389	29.0	17.778	1005.318	0.0	0.0	191.0	0.0	29.57	0.0	0.0	93.9	64.0	0.0	0.0
2026-09-26 17:47	34.389	29.0	17.778	1005.318	0.0	0.0	192.0	0.0	28.18	0.0	0.0	93.9	64.0	0.0	0.0
2026-09-26 17:48	34.389	30.0	18.194	1005.216	0.0	0.0	202.0	0.0	26.9	0.0	0.0	93.9	64.75	0.0	0.0
2026-09-26 17:49	34.389	30.0	18.194	1005.318	0.398	0.501	204.0	0.0	25.48	0.0	0.0	93.9	64.75	0.89	1.12
2026-09-26 17:50	34.278	29.0	17.689	1005.318	0.3	0.501	202.0	0.0	24.46	0.0	0.0	93.7	63.84	0.67	1.12
2026-09-26 17:51	34.278	30.0	18.1	1005.114	0.702	1.001	186.0	0.0	23.01	0.0	0.0	93.7	64.58	1.57	2.24
2026-09-26 17:52	34.278	30.0	18.1	1005.318	0.0	0.0	198.0	0.0	22.14	0.0	0.0	93.7	64.58	0.0	0.0
2026-09-26 17:53	34.278	30.0	18.1	1005.114	0.0	0.0	200.0	0.0	21.75	0.0	0.0	93.7	64.58	0.0	0.0
2026-09-26 17:54	34.278	30.0	18.1	1005.385	0.0	0.0	194.0	0.0	20.76	0.0	0.0	93.7	64.58	0.0	0.0
2026-09-26 17:55	34.222	30.0	18.056	1005.385	0.0	0.0	195.0	0.0	20.34	0.0	0.0	93.6	64.5	0.0	0.0
2026-09-26 17:56	34.222	30.0	18.056	1005.216	0.0	0.0	196.0	0.0	19.95	0.0	0.0	93.6	64.5	0.0	0.0
2026-09-26 17:57	34.222	30.0	18.056	1005.318	0.0	0.0	201.0	0.0	19.42	0.0	0.0	93.6	64.5	0.0	0.0
2026-09-26 17:58	34.222	30.0	18.056	1005.114	0.0	0.0	205.0	0.0	18.97	0.0	0.0	93.6	64.5	0.0	0.0
2026-09-26 17:59	34.111	30.0	17.961	1005.216	0.0	0.0	201.0	0.0	18.28	0.0	0.0	93.4	64.33	0.0	0.0
2026-09-26 18:00	34.111	30.0	17.961	1005.216	0.0	0.0	198.0	0.0	17.4	0.0	0.0	93.4	64.33	0.0	0.0
2026-09-26 18:01	34.111	30.0	17.961	1005.114	0.0	0.0	197.0	0.0	16.43	0.0	0.0	93.4	64.33	0.0	0.0
2026-09-26 18:02	34.0	30.0	17.872	1005.216	0.0	0.0	196.0	0.0	15.61	0.0	0.0	93.2	64.17	0.0	0.0
2026-09-26 18:03	34.0	30.0	17.872	1005.013	0.0	0.0	202.0	0.0	14.44	0.0	0.0	93.2	64.17	0.0	0.0
2026-09-26 18:04	34.0	31.0	18.272	1005.013	0.0	0.0	202.0	0.0	13.76	0.0	0.0	93.2	64.89	0.0	0.0
2026-09-26 18:05	33.889	31.0	18.178	1005.114	0.0	0.0	200.0	0.0	12.64	0.0	0.0	93.0	64.72	0.0	0.0
2026-09-26 18:06	33.889	31.0	18.178	1005.114	0.0	0.0	199.0	0.0	11.72	0.0	0.0	93.0	64.72	0.0	0.0
2026-09-26 18:07	33.889	31.0	18.178	1005.114	0.0	0.0	199.0	0.0	11.72	0.0	0.0	93.0	64.72	0.0	0.0
2026-09-26 18:08	33.778	31.0	18.089	1005.013	0.098	0.501	206.0	0.0	10.97	0.0	0.0	92.8	64.56	0.22	1.12
2026-09-26 18:09	33.778	31.0	18.089	1005.114	0.0	0.0	200.0	0.0	10.22	0.0	0.0	92.8	64.56	0.0	0.0
2026-09-26 18:10	33.722	31.0	18.039	1005.114	0.0	0.0	200.0	0.0	9.59	0.0	0.0	92.7	64.47	0.0	0.0
2026-09-26 18:11	33.722	31.0	18.039	1005.114	0.0	0.0	199.0	0.0	8.81	0.0	0.0	92.7	64.47	0.0	0.0
2026-09-26 18:12	33.722	31.0	18.039	1005.216	0.398	0.501	234.0	0.0	8.06	0.0	0.0	92.7	64.47	0.89	1.12
2026-09-26 18:13	33.722	31.0	18.039	1005.216	0.398	0.501	219.0	0.0	7.26	0.0	0.0	92.7	64.47	0.89	1.12
2026-09-26 18:14	33.611	31.0	17.944	1005.013	0.398	0.501	206.0	0.0	6.47	0.0	0.0	92.5	64.3	0.89	1.12
2026-09-26 18:15	33.611	31.0	17.944	1005.013	0.098	0.501	225.0	0.0	5.89	0.0	0.0	92.5	64.3	0.22	1.12
2026-09-26 18:16	33.611	31.0	17.944	1005.114	0.599	1.001	216.0	0.0	5.1	0.0	0.0	92.5	64.3	1.34	2.24
2026-09-26 18:17	33.5	31.0	17.856	1005.114	0.501	0.501	209.0	0.0	4.41	0.0	0.0	92.3	64.14	1.12	1.12
2026-09-26 18:18	33.5	31.0	17.856	1005.216	0.0	0.0	201.0	0.0	3.86	0.0	0.0	92.3	64.14	0.0	0.0
2026-09-26 18:19	33.5	31.0	17.856	1005.114	0.0	0.0	201.0	0.0	3.45	0.0	0.0	92.3	64.14	0.0	0.0
2026-09-26 18:20	33.5	31.0	17.856	1004.911	0.098	0.501	201.0	0.0	3.12	0.0	0.0	92.3	64.14	0.22	1.12
2026-09-26 18:21	33.5	31.0	17.856	1005.216	0.0	0.0	201.0	0.0	2.89	0.0	0.0	92.3	64.14	0.0	0.0
2026-09-26 18:22	33.5	31.0	17.856	1005.013	0.0	0.0	201.0	0.0	2.6	0.0	0.0	92.3	64.14	0.0	0.0
2026-09-26 18:23	33.5	31.0	17.856	1005.013	0.0	0.0	201.0	0.0	2.3	0.0	0.0	92.3	64.14	0.0	0.0
2026-09-26 18:24	33.389	31.0	17.761	1005.216	0.0	0.0	201.0	0.0	2.02	0.0	0.0	92.1	63.97	0.0	0.0
2026-09-26 18:25	33.389	31.0	17.761	1005.216	0.0	0.0	200.0	0.0	1.75	0.0	0.0	92.1	63.97	0.0	0.0
2026-09-26 18:26	33.389	31.0	17.761	1005.114	0.0	0.0	200.0	0.0	1.57	0.0	0.0	92.1	63.97	0.0	0.0
2026-09-26 18:27	33.389	31.0	17.761	1005.114	0.0	0.0	200.0	0.0	1.32	0.0	0.0	92.1	63.97	0.0	0.0
2026-09-26 18:28	33.278	31.0	17.667	1005.114	0.098	0.501	203.0	0.0	1.11	0.0	0.0	91.9	63.8	0.22	1.12
2026-09-26 18:29	33.278	31.0	17.667	1005.114	0.0	0.0	202.0	0.0	0.91	0.0	0.0	91.9	63.8	0.0	0.0
2026-09-26 18:30	33.278	31.0	17.667	1005.114	0.0	0.0	202.0	0.0	0.74	0.0	0.0	91.9	63.8	0.0	0.0
2026-09-26 18:31	33.222	31.0	17.622	1005.114	0.0	0.0	202.0	0.0	0.63	0.0	0.0	91.8	63.72	0.0	0.0
2026-09-26 18:32	33.222	31.0	17.622	1005.114	0.0	0.0	202.0	0.0	0.51	0.0	0.0	91.8	63.72	0.0	0.0
2026-09-26 18:33	33.222	31.0	17.622	1004.81	0.0	0.0	202.0	0.0	0.4	0.0	0.0	91.8	63.72	0.0	0.0
2026-09-26 18:34	33.222	31.0	17.622	1005.114	0.201	0.501	205.0	0.0	0.32	0.0	0.0	91.8	63.72	0.45	1.12
2026-09-26 18:35	33.111	31.0	17.528	1005.114	0.098	0.501	206.0	0.0	0.25	0.0	0.0	91.6	63.55	0.22	1.12
2026-09-26 18:36	33.111	31.0	17.528	1005.114	0.0	0.0	203.0	0.0	0.19	0.0	0.0	91.6	63.55	0.0	0.0
2026-09-26 18:37	33.111	31.0	17.528	1005.013	0.0	0.0	203.0	0.0	0.16	0.0	0.0	91.6	63.55	0.0	0.0
2026-09-26 18:38	33.111	31.0	17.528	1005.114	0.0	0.0	203.0	0.0	0.12	0.0	0.0	91.6	63.55	0.0	0.0
2026-09-26 18:39	33.111	31.0	17.528	1005.216	0.0	0.0	203.0	0.0	0.09	0.0	0.0	91.6	63.55	0.0	0.0
2026-09-26 18:40	33.0	31.0	17.433	1005.013	0.0	0.0	203.0	0.0	0.07	0.0	0.0	91.4	63.38	0.0	0.0
2026-09-26 18:41	33.0	31.0	17.433	1005.114	0.0	0.0	203.0	0.0	0.06	0.0	0.0	91.4	63.38	0.0	0.0
2026-09-26 18:42	33.0	31.0	17.433	1005.216	0.0	0.0	203.0	0.0	0.04	0.0	0.0	91.4	63.38	0.0	0.0
2026-09-26 18:43	33.0	31.0	17.433	1005.114	0.0	0.0	203.0	0.0	0.03	0.0	0.0	91.4	63.38	0.0	0.0
2026-09-26 18:44	33.0	31.0	17.433	1005.216	0.0	0.0	203.0	0.0	0.02	0.0	0.0	91.4	63.38	0.0	0.0
2026-09-26 18:45	32.889	31.0	17.339	1005.013	0.0	0.0	203.0	0.0	0.02	0.0	0.0	91.2	63.21	0.0	0.0
2026-09-26 18:46	32.889	32.0	17.728	1005.318	0.0	0.0	203.0	0.0	0.02	0.0	0.0	91.2	63.91	0.0	0.0
2026-09-26 18:47	32.889	32.0	17.728	1005.114	0.0	0.0	203.0	0.0	0.01	0.0	0.0	91.2	63.91	0.0	0.0
2026-09-26 18:48	32.889	32.0	17.728	1005.318	0.0	0.0	201.0	0.0	0.01	0.0	0.0	91.2	63.91	0.0	0.0
2026-09-26 18:49	32.778	32.0	17.633	1004.911	0.0	0.0	204.0	0.0	0.01	0.0	0.0	91.0	63.74	0.0	0.0
2026-09-26 18:50	32.778	32.0	17.633	1005.114	0.0	0.0	203.0	0.0	0.0	0.0	0.0	91.0	63.74	0.0	0.0
2026-09-26 18:51	32.778	32.0	17.633	1005.114	0.0	0.0	203.0	0.0	0.0	0.0	0.0	91.0	63.74	0.0	0.0
2026-09-26 18:52	32.722	32.0	17.589	1005.216	0.0	0.0	203.0	0.0	0.0	0.0	0.0	90.9	63.66	0.0	0.0
2026-09-26 18:53	32.722	32.0	17.589	1005.114	0.0	0.0	203.0	0.0	0.0	0.0	0.0	90.9	63.66	0.0	0.0
2026-09-26 18:54	32.722	32.0	17.589	1005.216	0.0	0.0	201.0	0.0	0.0	0.0	0.0	90.9	63.66	0.0	0.0
2026-09-26 18:55	32.722	32.0	17.589	1005.013	0.098	0.501	207.0	0.0	0.0	0.0	0.0	90.9	63.66	0.22	1.12
2026-09-26 18:56	32.722	32.0	17.589	1005.013	0.098	0.501	209.0	0.0	0.0	0.0	0.0	90.9	63.66	0.22	1.12
2026-09-26 18:57	32.722	32.0	17.589	1005.114	0.501	1.001	232.0	0.0	0.0	0.0	0.0	90.9	63.66	1.12	2.24
2026-09-26 18:58	32.611	32.0	17.494	1005.114	0.0	0.0	201.0	0.0	0.0	0.0	0.0	90.7	63.49	0.0	0.0
2026-09-26 18:59	32.611	32.0	17.494	1005.114	0.098	0.501	215.0	0.0	0.0	0.0	0.0	90.7	63.49	0.22	1.12
2026-09-26 19:00	32.611	32.0	17.494	1005.216	0.201	0.501	201.0	0.0	0.0	0.0	0.0	90.7	63.49	0.45	1.12
2026-09-26 19:01	32.611	32.0	17.494	1005.114	0.0	0.0	202.0	0.0	0.0	0.0	0.0	90.7	63.49	0.0	0.0
2026-09-26 19:02	32.611	32.0	17.494	1005.318	0.0	0.0	201.0	0.0	0.0	0.0	0.0	90.7	63.49	0.0	0.0
2026-09-26 19:03	32.611	32.0	17.494	1005.216	0.0	0.0	202.0	0.0	0.0	0.0	0.0	90.7	63.49	0.0	0.0
2026-09-26 19:04	32.611	32.0	17.494	1005.318	0.098	0.501	204.0	0.0	0.0	0.0	0.0	90.7	63.49	0.22	1.12
2026-09-26 19:05	32.611	32.0	17.494	1005.216	0.398	0.501	208.0	0.0	0.0	0.0	0.0	90.7	63.49	0.89	1.12
2026-09-26 19:06	32.611	32.0	17.494	1005.114	0.0	0.0	196.0	0.0	0.0	0.0	0.0	90.7	63.49	0.0	0.0
2026-09-26 19:07	32.611	32.0	17.494	1005.318	0.0	0.0	198.0	0.0	0.0	0.0	0.0	90.7	63.49	0.0	0.0
2026-09-26 19:08	32.611	32.0	17.494	1005.318	0.0	0.0	198.0	0.0	0.0	0.0	0.0	90.7	63.49	0.0	0.0
2026-09-26 19:09	32.611	32.0	17.494	1005.385	0.501	0.501	225.0	0.0	0.0	0.0	0.0	90.7	63.49	1.12	1.12
2026-09-26 19:10	32.5	32.0	17.4	1005.114	0.3	0.501	202.0	0.0	0.0	0.0	0.0	90.5	63.32	0.67	1.12
2026-09-26 19:11	32.5	31.0	17.017	1005.318	0.3	0.501	231.0	0.0	0.0	0.0	0.0	90.5	62.63	0.67	1.12
2026-09-26 19:12	32.5	31.0	17.017	1005.318	0.3	0.501	207.0	0.0	0.0	0.0	0.0	90.5	62.63	0.67	1.12
2026-09-26 19:13	32.5	31.0	17.017	1005.216	0.3	0.501	211.0	0.0	0.0	0.0	0.0	90.5	62.63	0.67	1.12
2026-09-26 19:14	32.5	31.0	17.017	1005.114	0.0	0.0	200.0	0.0	0.0	0.0	0.0	90.5	62.63	0.0	0.0
2026-09-26 19:15	32.5	31.0	17.017	1005.216	0.0	0.0	205.0	0.0	0.0	0.0	0.0	90.5	62.63	0.0	0.0
2026-09-26 19:16	32.5	31.0	17.017	1005.385	0.0	0.0	193.0	0.0	0.0	0.0	0.0	90.5	62.63	0.0	0.0
2026-09-26 19:17	32.5	31.0	17.017	1005.385	0.0	0.0	187.0	0.0	0.0	0.0	0.0	90.5	62.63	0.0	0.0
2026-09-26 19:18	32.5	31.0	17.017	1005.385	0.3	0.501	201.0	0.0	0.0	0.0	0.0	90.5	62.63	0.67	1.12
2026-09-26 19:19	32.5	30.0	16.617	1005.487	0.501	0.501	203.0	0.0	0.0	0.0	0.0	90.5	61.91	1.12	1.12
2026-09-26 19:20	32.5	30.0	16.617	1005.589	0.3	0.501	180.0	0.0	0.0	0.0	0.0	90.5	61.91	0.67	1.12
2026-09-26 19:21	32.5	30.0	16.617	1005.385	0.0	0.0	201.0	0.0	0.0	0.0	0.0	90.5	61.91	0.0	0.0
2026-09-26 19:22	32.5	30.0	16.617	1005.385	0.201	0.501	201.0	0.0	0.0	0.0	0.0	90.5	61.91	0.45	1.12
2026-09-26 19:23	32.611	30.0	16.711	1005.69	0.0	0.0	205.0	0.0	0.0	0.0	0.0	90.7	62.08	0.0	0.0
2026-09-26 19:24	32.611	30.0	16.711	1005.318	0.0	0.0	197.0	0.0	0.0	0.0	0.0	90.7	62.08	0.0	0.0
2026-09-26 19:25	32.611	30.0	16.711	1005.487	0.0	0.0	203.0	0.0	0.0	0.0	0.0	90.7	62.08	0.0	0.0
2026-09-26 19:26	32.611	30.0	16.711	1005.385	0.0	0.0	189.0	0.0	0.0	0.0	0.0	90.7	62.08	0.0	0.0
2026-09-26 19:27	32.5	30.0	16.617	1005.318	0.0	0.0	197.0	0.0	0.0	0.0	0.0	90.5	61.91	0.0	0.0
2026-09-26 19:28	32.5	30.0	16.617	1005.487	0.098	0.501	202.0	0.0	0.0	0.0	0.0	90.5	61.91	0.22	1.12
2026-09-26 19:29	32.5	30.0	16.617	1005.487	0.0	0.0	203.0	0.0	0.0	0.0	0.0	90.5	61.91	0.0	0.0
2026-09-26 19:30	32.5	30.0	16.617	1005.318	0.098	0.501	206.0	0.0	0.0	0.0	0.0	90.5	61.91	0.22	1.12
2026-09-26 19:31	32.5	30.0	16.617	1005.69	0.0	0.0	206.0	0.0	0.0	0.0	0.0	90.5	61.91	0.0	0.0
2026-09-26 19:32	32.5	30.0	16.617	1005.385	0.501	0.501	234.0	0.0	0.0	0.0	0.0	90.5	61.91	1.12	1.12
2026-09-26 19:33	32.5	30.0	16.617	1005.487	0.098	0.501	204.0	0.0	0.0	0.0	0.0	90.5	61.91	0.22	1.12
2026-09-26 19:34	32.5	30.0	16.617	1005.487	0.201	0.501	215.0	0.0	0.0	0.0	0.0	90.5	61.91	0.45	1.12
2026-09-26 19:35	32.5	30.0	16.617	1005.487	0.398	0.501	203.0	0.0	0.0	0.0	0.0	90.5	61.91	0.89	1.12
2026-09-26 19:36	32.389	30.0	16.522	1005.487	0.398	0.501	221.0	0.0	0.0	0.0	0.0	90.3	61.74	0.89	1.12
2026-09-26 19:37	32.389	30.0	16.522	1005.589	0.398	0.501	211.0	0.0	0.0	0.0	0.0	90.3	61.74	0.89	1.12
2026-09-26 19:38	32.389	30.0	16.522	1005.589	0.0	0.0	202.0	0.0	0.0	0.0	0.0	90.3	61.74	0.0	0.0
2026-09-26 19:39	32.389	30.0	16.522	1005.589	0.3	0.501	203.0	0.0	0.0	0.0	0.0	90.3	61.74	0.67	1.12
2026-09-26 19:40	32.389	30.0	16.522	1005.487	0.098	0.501	202.0	0.0	0.0	0.0	0.0	90.3	61.74	0.22	1.12
2026-09-26 19:41	32.389	30.0	16.522	1005.487	0.201	0.501	218.0	0.0	0.0	0.0	0.0	90.3	61.74	0.45	1.12
2026-09-26 19:42	32.389	31.0	16.922	1005.589	0.0	0.0	199.0	0.0	0.0	0.0	0.0	90.3	62.46	0.0	0.0
2026-09-26 19:43	32.389	31.0	16.922	1005.385	0.398	0.501	215.0	0.0	0.0	0.0	0.0	90.3	62.46	0.89	1.12
2026-09-26 19:44	32.278	31.0	16.828	1005.69	0.0	0.0	203.0	0.0	0.0	0.0	0.0	90.1	62.29	0.0	0.0
2026-09-26 19:45	32.278	31.0	16.828	1005.69	0.0	0.0	195.0	0.0	0.0	0.0	0.0	90.1	62.29	0.0	0.0
2026-09-26 19:46	32.278	30.0	16.433	1005.487	0.599	1.001	220.0	0.0	0.0	0.0	0.0	90.1	61.58	1.34	2.24
2026-09-26 19:47	32.278	30.0	16.433	1005.589	0.201	0.501	207.0	0.0	0.0	0.0	0.0	90.1	61.58	0.45	1.12
2026-09-26 19:48	32.278	30.0	16.433	1005.487	0.098	0.501	204.0	0.0	0.0	0.0	0.0	90.1	61.58	0.22	1.12
2026-09-26 19:49	32.222	30.0	16.383	1005.487	0.501	0.501	219.0	0.0	0.0	0.0	0.0	90.0	61.49	1.12	1.12
2026-09-26 19:50	32.222	30.0	16.383	1005.69	0.098	0.501	211.0	0.0	0.0	0.0	0.0	90.0	61.49	0.22	1.12
2026-09-26 19:51	32.222	30.0	16.383	1005.589	0.098	0.501	204.0	0.0	0.0	0.0	0.0	90.0	61.49	0.22	1.12
2026-09-26 19:52	32.222	30.0	16.383	1005.69	0.098	0.501	201.0	0.0	0.0	0.0	0.0	90.0	61.49	0.22	1.12
2026-09-26 19:53	32.111	30.0	16.294	1005.487	0.0	0.0	201.0	0.0	0.0	0.0	0.0	89.8	61.33	0.0	0.0
2026-09-26 19:54	32.222	30.0	16.383	1005.589	0.0	0.0	202.0	0.0	0.0	0.0	0.0	90.0	61.49	0.0	0.0
2026-09-26 19:55	32.111	30.0	16.294	1005.487	0.3	0.501	204.0	0.0	0.0	0.0	0.0	89.8	61.33	0.67	1.12
2026-09-26 19:56	32.111	30.0	16.294	1005.589	0.0	0.0	201.0	0.0	0.0	0.0	0.0	89.8	61.33	0.0	0.0
2026-09-26 19:57	32.111	30.0	16.294	1005.69	0.098	0.501	207.0	0.0	0.0	0.0	0.0	89.8	61.33	0.22	1.12
2026-09-26 19:58	32.111	30.0	16.294	1005.589	0.0	0.0	208.0	0.0	0.0	0.0	0.0	89.8	61.33	0.0	0.0
2026-09-26 19:59	32.0	30.0	16.2	1005.487	0.0	0.0	203.0	0.0	0.0	0.0	0.0	89.6	61.16	0.0	0.0
2026-09-26 20:00	32.0	30.0	16.2	1005.69	0.0	0.0	210.0	0.0	0.0	0.0	0.0	89.6	61.16	0.0	0.0
2026-09-26 20:01	32.0	30.0	16.2	1005.589	0.098	0.501	203.0	0.0	0.0	0.0	0.0	89.6	61.16	0.22	1.12
2026-09-26 20:02	31.889	30.0	16.106	1005.589	0.098	0.501	202.0	0.0	0.0	0.0	0.0	89.4	60.99	0.22	1.12
2026-09-26 20:03	31.889	30.0	16.106	1005.589	0.098	0.501	198.0	0.0	0.0	0.0	0.0	89.4	60.99	0.22	1.12
2026-09-26 20:04	31.889	30.0	16.106	1005.589	0.0	0.0	202.0	0.0	0.0	0.0	0.0	89.4	60.99	0.0	0.0
2026-09-26 20:05	31.889	31.0	16.5	1005.589	0.0	0.0	200.0	0.0	0.0	0.0	0.0	89.4	61.7	0.0	0.0
2026-09-26 20:06	31.889	31.0	16.5	1005.589	0.0	0.0	199.0	0.0	0.0	0.0	0.0	89.4	61.7	0.0	0.0
2026-09-26 20:07	31.778	31.0	16.406	1005.69	0.0	0.0	199.0	0.0	0.0	0.0	0.0	89.2	61.53	0.0	0.0
2026-09-26 20:08	31.778	31.0	16.406	1005.69	0.0	0.0	199.0	0.0	0.0	0.0	0.0	89.2	61.53	0.0	0.0
2026-09-26 20:09	31.778	31.0	16.406	1005.69	0.0	0.0	199.0	0.0	0.0	0.0	0.0	89.2	61.53	0.0	0.0
2026-09-26 20:10	31.778	31.0	16.406	1005.792	0.0	0.0	198.0	0.0	0.0	0.0	0.0	89.2	61.53	0.0	0.0
2026-09-26 20:11	31.778	31.0	16.406	1005.69	0.0	0.0	198.0	0.0	0.0	0.0	0.0	89.2	61.53	0.0	0.0
2026-09-26 20:12	31.722	31.0	16.361	1005.69	0.0	0.0	198.0	0.0	0.0	0.0	0.0	89.1	61.45	0.0	0.0
2026-09-26 20:13	31.722	31.0	16.361	1005.69	0.0	0.0	199.0	0.0	0.0	0.0	0.0	89.1	61.45	0.0	0.0
2026-09-26 20:14	31.722	31.0	16.361	1005.893	0.0	0.0	199.0	0.0	0.0	0.0	0.0	89.1	61.45	0.0	0.0
2026-09-26 20:15	31.611	31.0	16.267	1005.792	0.0	0.0	199.0	0.0	0.0	0.0	0.0	88.9	61.28	0.0	0.0
2026-09-26 20:16	31.611	31.0	16.267	1005.792	0.0	0.0	199.0	0.0	0.0	0.0	0.0	88.9	61.28	0.0	0.0
2026-09-26 20:17	31.611	31.0	16.267	1005.69	0.0	0.0	199.0	0.0	0.0	0.0	0.0	88.9	61.28	0.0	0.0
2026-09-26 20:18	31.5	31.0	16.172	1005.893	0.0	0.0	199.0	0.0	0.0	0.0	0.0	88.7	61.11	0.0	0.0
2026-09-26 20:19	31.5	31.0	16.172	1005.69	0.0	0.0	199.0	0.0	0.0	0.0	0.0	88.7	61.11	0.0	0.0
2026-09-26 20:20	31.389	31.0	16.078	1005.792	0.0	0.0	199.0	0.0	0.0	0.0	0.0	88.5	60.94	0.0	0.0
2026-09-26 20:21	31.389	32.0	16.461	1005.69	0.0	0.0	199.0	0.0	0.0	0.0	0.0	88.5	61.63	0.0	0.0
2026-09-26 20:22	31.278	32.0	16.367	1005.69	0.0	0.0	199.0	0.0	0.0	0.0	0.0	88.3	61.46	0.0	0.0
2026-09-26 20:23	31.278	32.0	16.367	1005.792	0.0	0.0	199.0	0.0	0.0	0.0	0.0	88.3	61.46	0.0	0.0
2026-09-26 20:24	31.278	32.0	16.367	1005.893	0.0	0.0	199.0	0.0	0.0	0.0	0.0	88.3	61.46	0.0	0.0
2026-09-26 20:25	31.222	32.0	16.322	1005.893	0.0	0.0	199.0	0.0	0.0	0.0	0.0	88.2	61.38	0.0	0.0
2026-09-26 20:26	31.222	32.0	16.322	1005.995	0.0	0.0	199.0	0.0	0.0	0.0	0.0	88.2	61.38	0.0	0.0
2026-09-26 20:27	31.111	32.0	16.228	1005.893	0.0	0.0	199.0	0.0	0.0	0.0	0.0	88.0	61.21	0.0	0.0
2026-09-26 20:28	31.111	32.0	16.228	1005.893	0.0	0.0	199.0	0.0	0.0	0.0	0.0	88.0	61.21	0.0	0.0
2026-09-26 20:29	31.0	32.0	16.133	1005.893	0.0	0.0	199.0	0.0	0.0	0.0	0.0	87.8	61.04	0.0	0.0
2026-09-26 20:30	31.0	32.0	16.133	1005.893	0.0	0.0	199.0	0.0	0.0	0.0	0.0	87.8	61.04	0.0	0.0
2026-09-26 20:31	30.889	32.0	16.039	1006.096	0.0	0.0	199.0	0.0	0.0	0.0	0.0	87.6	60.87	0.0	0.0
2026-09-26 20:32	30.889	32.0	16.039	1005.995	0.0	0.0	199.0	0.0	0.0	0.0	0.0	87.6	60.87	0.0	0.0
2026-09-26 20:33	30.778	32.0	15.944	1006.096	0.0	0.0	199.0	0.0	0.0	0.0	0.0	87.4	60.7	0.0	0.0
2026-09-26 20:34	30.778	32.0	15.944	1006.096	0.0	0.0	199.0	0.0	0.0	0.0	0.0	87.4	60.7	0.0	0.0
2026-09-26 20:35	30.778	32.0	15.944	1006.096	0.0	0.0	199.0	0.0	0.0	0.0	0.0	87.4	60.7	0.0	0.0
2026-09-26 20:36	30.722	32.0	15.9	1006.096	0.0	0.0	199.0	0.0	0.0	0.0	0.0	87.3	60.62	0.0	0.0
2026-09-26 20:37	30.722	33.0	16.267	1006.096	0.0	0.0	199.0	0.0	0.0	0.0	0.0	87.3	61.28	0.0	0.0
2026-09-26 20:38	30.722	33.0	16.267	1005.792	0.0	0.0	199.0	0.0	0.0	0.0	0.0	87.3	61.28	0.0	0.0
2026-09-26 20:39	30.611	33.0	16.172	1006.096	0.0	0.0	199.0	0.0	0.0	0.0	0.0	87.1	61.11	0.0	0.0
2026-09-26 20:40	30.5	33.0	16.078	1005.893	0.0	0.0	199.0	0.0	0.0	0.0	0.0	86.9	60.94	0.0	0.0
2026-09-26 20:41	30.5	33.0	16.078	1006.096	0.0	0.0	199.0	0.0	0.0	0.0	0.0	86.9	60.94	0.0	0.0
2026-09-26 20:42	30.5	33.0	16.078	1005.995	0.0	0.0	199.0	0.0	0.0	0.0	0.0	86.9	60.94	0.0	0.0
2026-09-26 20:43	30.5	33.0	16.078	1005.995	0.0	0.0	199.0	0.0	0.0	0.0	0.0	86.9	60.94	0.0	0.0
2026-09-26 20:44	30.389	33.0	15.983	1005.995	0.0	0.0	199.0	0.0	0.0	0.0	0.0	86.7	60.77	0.0	0.0
2026-09-26 20:45	30.389	33.0	15.983	1005.995	0.0	0.0	199.0	0.0	0.0	0.0	0.0	86.7	60.77	0.0	0.0
2026-09-26 20:46	30.278	33.0	15.889	1006.198	0.0	0.0	199.0	0.0	0.0	0.0	0.0	86.5	60.6	0.0	0.0
2026-09-26 20:47	30.278	33.0	15.889	1006.096	0.0	0.0	199.0	0.0	0.0	0.0	0.0	86.5	60.6	0.0	0.0
2026-09-26 20:48	30.278	33.0	15.889	1006.198	0.0	0.0	199.0	0.0	0.0	0.0	0.0	86.5	60.6	0.0	0.0
2026-09-26 20:49	30.278	33.0	15.889	1006.198	0.0	0.0	199.0	0.0	0.0	0.0	0.0	86.5	60.6	0.0	0.0
2026-09-26 20:50	30.222	33.0	15.844	1006.096	0.0	0.0	199.0	0.0	0.0	0.0	0.0	86.4	60.52	0.0	0.0
2026-09-26 20:51	30.222	34.0	16.2	1005.893	0.0	0.0	199.0	0.0	0.0	0.0	0.0	86.4	61.16	0.0	0.0
2026-09-26 20:52	30.222	34.0	16.2	1006.198	0.0	0.0	199.0	0.0	0.0	0.0	0.0	86.4	61.16	0.0	0.0
2026-09-26 20:53	30.222	34.0	16.2	1006.198	0.0	0.0	199.0	0.0	0.0	0.0	0.0	86.4	61.16	0.0	0.0
2026-09-26 20:54	30.111	33.0	15.75	1006.3	0.0	0.0	199.0	0.0	0.0	0.0	0.0	86.2	60.35	0.0	0.0
2026-09-26 20:55	30.111	34.0	16.106	1006.198	0.0	0.0	199.0	0.0	0.0	0.0	0.0	86.2	60.99	0.0	0.0
2026-09-26 20:56	30.111	34.0	16.106	1006.198	0.0	0.0	199.0	0.0	0.0	0.0	0.0	86.2	60.99	0.0	0.0
2026-09-26 20:57	30.111	34.0	16.106	1006.198	0.0	0.0	199.0	0.0	0.0	0.0	0.0	86.2	60.99	0.0	0.0
2026-09-26 20:58	30.111	34.0	16.106	1006.198	0.0	0.0	199.0	0.0	0.0	0.0	0.0	86.2	60.99	0.0	0.0
2026-09-26 20:59	30.0	34.0	16.011	1006.096	0.0	0.0	199.0	0.0	0.0	0.0	0.0	86.0	60.82	0.0	0.0
2026-09-26 21:00	30.0	34.0	16.011	1006.198	0.0	0.0	199.0	0.0	0.0	0.0	0.0	86.0	60.82	0.0	0.0
2026-09-26 21:01	30.0	34.0	16.011	1006.198	0.0	0.0	199.0	0.0	0.0	0.0	0.0	86.0	60.82	0.0	0.0
2026-09-26 21:02	29.889	34.0	15.917	1006.198	0.0	0.0	199.0	0.0	0.0	0.0	0.0	85.8	60.65	0.0	0.0
2026-09-26 21:03	29.889	34.0	15.917	1006.401	0.0	0.0	199.0	0.0	0.0	0.0	0.0	85.8	60.65	0.0	0.0
2026-09-26 21:04	29.889	35.0	16.261	1006.198	0.0	0.0	199.0	0.0	0.0	0.0	0.0	85.8	61.27	0.0	0.0
2026-09-26 21:05	29.889	35.0	16.261	1006.3	0.0	0.0	199.0	0.0	0.0	0.0	0.0	85.8	61.27	0.0	0.0
2026-09-26 21:06	29.778	35.0	16.167	1006.3	0.0	0.0	199.0	0.0	0.0	0.0	0.0	85.6	61.1	0.0	0.0
2026-09-26 21:07	29.778	35.0	16.167	1006.3	0.0	0.0	199.0	0.0	0.0	0.0	0.0	85.6	61.1	0.0	0.0
2026-09-26 21:08	29.778	35.0	16.167	1006.198	0.0	0.0	199.0	0.0	0.0	0.0	0.0	85.6	61.1	0.0	0.0
2026-09-26 21:09	29.722	35.0	16.122	1006.3	0.0	0.0	199.0	0.0	0.0	0.0	0.0	85.5	61.02	0.0	0.0
2026-09-26 21:10	29.722	35.0	16.122	1006.3	0.0	0.0	199.0	0.0	0.0	0.0	0.0	85.5	61.02	0.0	0.0
2026-09-26 21:11	29.722	35.0	16.122	1006.096	0.0	0.0	199.0	0.0	0.0	0.0	0.0	85.5	61.02	0.0	0.0
2026-09-26 21:12	29.722	35.0	16.122	1006.198	0.0	0.0	199.0	0.0	0.0	0.0	0.0	85.5	61.02	0.0	0.0
2026-09-26 21:13	29.722	35.0	16.122	1006.198	0.0	0.0	198.0	0.0	0.0	0.0	0.0	85.5	61.02	0.0	0.0
2026-09-26 21:14	29.611	35.0	16.028	1006.198	0.0	0.0	198.0	0.0	0.0	0.0	0.0	85.3	60.85	0.0	0.0
2026-09-26 21:15	29.611	35.0	16.028	1006.198	0.0	0.0	198.0	0.0	0.0	0.0	0.0	85.3	60.85	0.0	0.0
2026-09-26 21:16	29.611	35.0	16.028	1006.096	0.0	0.0	198.0	0.0	0.0	0.0	0.0	85.3	60.85	0.0	0.0
2026-09-26 21:17	29.611	35.0	16.028	1006.198	0.0	0.0	198.0	0.0	0.0	0.0	0.0	85.3	60.85	0.0	0.0
2026-09-26 21:18	29.5	35.0	15.933	1006.096	0.0	0.0	197.0	0.0	0.0	0.0	0.0	85.1	60.68	0.0	0.0
2026-09-26 21:19	29.5	35.0	15.933	1006.096	0.0	0.0	197.0	0.0	0.0	0.0	0.0	85.1	60.68	0.0	0.0
2026-09-26 21:20	29.5	35.0	15.933	1006.096	0.0	0.0	197.0	0.0	0.0	0.0	0.0	85.1	60.68	0.0	0.0
2026-09-26 21:21	29.389	36.0	16.172	1006.096	0.0	0.0	197.0	0.0	0.0	0.0	0.0	84.9	61.11	0.0	0.0
2026-09-26 21:22	29.389	36.0	16.172	1006.198	0.0	0.0	197.0	0.0	0.0	0.0	0.0	84.9	61.11	0.0	0.0
2026-09-26 21:23	29.389	36.0	16.172	1006.198	0.0	0.0	197.0	0.0	0.0	0.0	0.0	84.9	61.11	0.0	0.0
2026-09-26 21:24	29.389	36.0	16.172	1006.096	0.0	0.0	194.0	0.0	0.0	0.0	0.0	84.9	61.11	0.0	0.0
2026-09-26 21:25	29.389	36.0	16.172	1006.096	0.0	0.0	194.0	0.0	0.0	0.0	0.0	84.9	61.11	0.0	0.0
2026-09-26 21:26	29.278	36.0	16.078	1006.096	0.0	0.0	192.0	0.0	0.0	0.0	0.0	84.7	60.94	0.0	0.0
2026-09-26 21:27	29.278	36.0	16.078	1006.096	0.0	0.0	188.0	0.0	0.0	0.0	0.0	84.7	60.94	0.0	0.0
2026-09-26 21:28	29.278	36.0	16.078	1006.198	0.0	0.0	186.0	0.0	0.0	0.0	0.0	84.7	60.94	0.0	0.0
2026-09-26 21:29	29.278	36.0	16.078	1006.096	0.0	0.0	187.0	0.0	0.0	0.0	0.0	84.7	60.94	0.0	0.0
2026-09-26 21:30	29.222	36.0	16.028	1006.3	0.0	0.0	187.0	0	0.0	0.0	0.0	84.6	60.85	0.0	0.0
